"ID";"Active (0/1)";"Name";"Default Category";"Tax rules ID";"Reference #";"url_image"
"18";"1";"Guantes de Entrenamiento";"35";"1";"GM";"https://pesaschile.cl/2/img/p/1/1/2/7/1127-thickbox_default.jpg"
"18";"1";"Guantes de Entrenamiento";"35";"1";"GM";"https://pesaschile.cl/2/img/p/1/1/2/8/1128-thickbox_default.jpg"
"26";"1";"Pesos Tobillos muñecas 1.5kg (2 unidades)";"2";"1";"PM1.5";"https://pesaschile.cl/2/img/p/6/9/4/694-thickbox_default.jpg"
"32";"1";"Remo Contrapeso JR";"2";"1";"MRCJ";"https://pesaschile.cl/2/img/p/1/5/1/4/1514-thickbox_default.jpg"
"33";"1";"Chaleco de lastre 10kg";"2";"1";"CL10";"https://pesaschile.cl/2/img/p/9/0/90-thickbox_default.jpg"
"34";"1";"Chaleco de lastre 15kg";"2";"1";"CL15";"https://pesaschile.cl/2/img/p/9/1/91-thickbox_default.jpg"
"35";"1";"Chaleco de lastre 20kg";"2";"1";"CL20";"https://pesaschile.cl/2/img/p/9/2/92-thickbox_default.jpg"
"38";"1";"Pesos Tobillo muñeca 2 kg (2 unidades)";"2";"1";"PM2";"https://pesaschile.cl/2/img/p/6/9/7/697-thickbox_default.jpg"
"38";"1";"Pesos Tobillo muñeca 2 kg (2 unidades)";"2";"1";"PM2";"https://pesaschile.cl/2/img/p/6/9/8/698-thickbox_default.jpg"
"43";"1";"Punching Bag Grande";"2";"1";"DCPG";"https://pesaschile.cl/2/img/p/1/2/3/9/1239-thickbox_default.jpg"
"48";"1";"Cuerda de salto con rodamientos";"2";"1";"CSP";"https://pesaschile.cl/2/img/p/1/4/3/7/1437-thickbox_default.jpg"
"48";"1";"Cuerda de salto con rodamientos";"2";"1";"CSP";"https://pesaschile.cl/2/img/p/1/4/3/8/1438-thickbox_default.jpg"
"48";"1";"Cuerda de salto con rodamientos";"2";"1";"CSP";"https://pesaschile.cl/2/img/p/1/4/3/9/1439-thickbox_default.jpg"
"51";"1";"Escalera Agilidad";"2";"1";"FIEC";"https://pesaschile.cl/2/img/p/1/1/1/111-thickbox_default.jpg"
"54";"1";"Hand Grip Mango Esponja x2 UN";"2";"1";"HG5";"https://pesaschile.cl/2/img/p/7/6/0/760-thickbox_default.jpg"
"54";"1";"Hand Grip Mango Esponja x2 UN";"2";"1";"HG5";"https://pesaschile.cl/2/img/p/7/6/1/761-thickbox_default.jpg"
"54";"1";"Hand Grip Mango Esponja x2 UN";"2";"1";"HG5";"https://pesaschile.cl/2/img/p/1/2/6/8/1268-thickbox_default.jpg"
"54";"1";"Hand Grip Mango Esponja x2 UN";"2";"1";"HG5";"https://pesaschile.cl/2/img/p/1/2/6/9/1269-thickbox_default.jpg"
"57";"1";"Iron Gym Xtreme Generic";"2";"1";"BP200";"https://pesaschile.cl/2/img/p/1/2/2/122-thickbox_default.jpg"
"57";"1";"Iron Gym Xtreme Generic";"2";"1";"BP200";"https://pesaschile.cl/2/img/p/1/2/3/123-thickbox_default.jpg"
"57";"1";"Iron Gym Xtreme Generic";"2";"1";"BP200";"https://pesaschile.cl/2/img/p/1/2/4/124-thickbox_default.jpg"
"57";"1";"Iron Gym Xtreme Generic";"2";"1";"BP200";"https://pesaschile.cl/2/img/p/6/7/6/676-thickbox_default.jpg"
"57";"1";"Iron Gym Xtreme Generic";"2";"1";"BP200";"https://pesaschile.cl/2/img/p/6/7/7/677-thickbox_default.jpg"
"58";"0";"Hand Grip";"2";"1";"HG2";"https://pesaschile.cl/2/img/p/1/1/2/9/1129-thickbox_default.jpg"
"60";"1";"Push Up Promachine";"2";"1";"PUP";"https://pesaschile.cl/2/img/p/1/4/0/3/1403-thickbox_default.jpg"
"60";"1";"Push Up Promachine";"2";"1";"PUP";"https://pesaschile.cl/2/img/p/1/4/0/4/1404-thickbox_default.jpg"
"61";"1";"Push Up metalico";"2";"1";"PUM";"https://pesaschile.cl/2/img/p/1/4/1/4/1414-thickbox_default.jpg"
"63";"1";"Anillas olimpicas";"2";"1";"BSA1";"https://pesaschile.cl/2/img/p/1/3/1/131-thickbox_default.jpg"
"63";"1";"Anillas olimpicas";"2";"1";"BSA1";"https://pesaschile.cl/2/img/p/7/2/9/729-thickbox_default.jpg"
"63";"1";"Anillas olimpicas";"2";"1";"BSA1";"https://pesaschile.cl/2/img/p/7/3/0/730-thickbox_default.jpg"
"65";"1";"TRX Alterntiva";"2";"1";"BSA";"https://pesaschile.cl/2/img/p/7/4/4/744-thickbox_default.jpg"
"65";"1";"TRX Alterntiva";"2";"1";"BSA";"https://pesaschile.cl/2/img/p/7/4/5/745-thickbox_default.jpg"
"65";"1";"TRX Alterntiva";"2";"1";"BSA";"https://pesaschile.cl/2/img/p/7/4/6/746-thickbox_default.jpg"
"65";"1";"TRX Alterntiva";"2";"1";"BSA";"https://pesaschile.cl/2/img/p/7/4/7/747-thickbox_default.jpg"
"65";"1";"TRX Alterntiva";"2";"1";"BSA";"https://pesaschile.cl/2/img/p/1/1/1/4/1114-thickbox_default.jpg"
"65";"1";"TRX Alterntiva";"2";"1";"BSA";"https://pesaschile.cl/2/img/p/1/1/1/5/1115-thickbox_default.jpg"
"67";"1";"Barra Mancuerna Preolímpica";"2";"1";"BPM";"https://pesaschile.cl/2/img/p/1/4/6/0/1460-thickbox_default.jpg"
"67";"1";"Barra Mancuerna Preolímpica";"2";"1";"BPM";"https://pesaschile.cl/2/img/p/1/4/6/1/1461-thickbox_default.jpg"
"68";"1";"Barra Recta Preolímpica";"32";"1";"BPR150";"https://pesaschile.cl/2/img/p/1/5/6/156-thickbox_default.jpg"
"69";"1";"Barra Romana Preolímpica";"2";"1";"BPRO";"https://pesaschile.cl/2/img/p/1/5/7/157-thickbox_default.jpg"
"70";"1";"Barra W Preolímpica";"32";"1";"BPW";"https://pesaschile.cl/2/img/p/1/5/9/159-thickbox_default.jpg"
"71";"1";"Barra Z Preolímpica";"2";"1";"BPZ";"https://pesaschile.cl/2/img/p/7/8/3/783-thickbox_default.jpg"
"72";"0";"Par Discos Acero Promachine 1kg";"139";"1";"DPP01";"https://pesaschile.cl/2/img/p/7/7/3/773-thickbox_default.jpg"
"73";"0";"Par Discos Acero Promachine 2.5kg";"32";"1";"DPP025";"https://pesaschile.cl/2/img/p/7/7/4/774-thickbox_default.jpg"
"74";"0";"Par Discos Acero Promachine 3kg";"2";"1";"DPP03";"https://pesaschile.cl/2/img/p/5/3/3/533-thickbox_default.jpg"
"75";"0";"Par Discos Acero Promachine 5kg";"32";"1";"DPP05";"https://pesaschile.cl/2/img/p/5/3/4/534-thickbox_default.jpg"
"76";"0";"Par Discos Acero Promachine 10kg";"32";"1";"DPP10";"https://pesaschile.cl/2/img/p/5/3/5/535-thickbox_default.jpg"
"77";"0";"Par Discos Acero Promachine 15kg";"32";"1";"DPP15";"https://pesaschile.cl/2/img/p/5/3/6/536-thickbox_default.jpg"
"78";"0";"Par Discos Acero Promachine 20kg";"2";"1";"DPP20";"https://pesaschile.cl/2/img/p/5/3/7/537-thickbox_default.jpg"
"83";"1";"Par Discos Mastodonte 2,5Kg";"32";"1";"DPM025";"https://pesaschile.cl/2/img/p/4/1/0/410-thickbox_default.jpg"
"84";"1";"Par Discos Mastodonte 1,25Kg";"32";"1";"DPM0125";"https://pesaschile.cl/2/img/p/4/0/8/408-thickbox_default.jpg"
"85";"1";"Par Discos Mastodonte 5Kg";"32";"1";"DPM05";"https://pesaschile.cl/2/img/p/4/0/9/409-thickbox_default.jpg"
"87";"1";"Barra Olímpica Eco";"2";"1";"BORE";"https://pesaschile.cl/2/img/p/1/3/8/138-thickbox_default.jpg"
"87";"1";"Barra Olímpica Eco";"2";"1";"BORE";"https://pesaschile.cl/2/img/p/3/5/4/354-thickbox_default.jpg"
"87";"1";"Barra Olímpica Eco";"2";"1";"BORE";"https://pesaschile.cl/2/img/p/7/4/8/748-thickbox_default.jpg"
"87";"1";"Barra Olímpica Eco";"2";"1";"BORE";"https://pesaschile.cl/2/img/p/7/4/9/749-thickbox_default.jpg"
"88";"1";"Banco Scott JR";"13";"1";"UB006J";"https://pesaschile.cl/2/img/p/1/5/1/5/1515-thickbox_default.jpg"
"88";"1";"Banco Scott JR";"13";"1";"UB006J";"https://pesaschile.cl/2/img/p/1/5/1/6/1516-thickbox_default.jpg"
"90";"1";"Barra Z Olímpica";"2";"1";"BOZ";"https://pesaschile.cl/2/img/p/3/1/8/318-thickbox_default.jpg"
"91";"1";"Collarines HWM";"2";"1";"CO";"https://pesaschile.cl/2/img/p/1/1/2/3/1123-thickbox_default.jpg"
"91";"1";"Collarines HWM";"2";"1";"CO";"https://pesaschile.cl/2/img/p/1/1/2/4/1124-thickbox_default.jpg"
"92";"1";"Par Discos Acero Olímpicos 2,5Kg";"18";"1";"DOA025";"https://pesaschile.cl/2/img/p/1/7/5/0/1750-thickbox_default.jpg"
"93";"1";"Par Discos Acero Olímpicos 5kg";"18";"1";"DOA05";"https://pesaschile.cl/2/img/p/1/1/2/5/1125-thickbox_default.jpg"
"94";"1";"Par DiscosAcero Olímpicos 10Kg";"18";"1";"DOA10";"https://pesaschile.cl/2/img/p/6/3/6/636-thickbox_default.jpg"
"94";"1";"Par DiscosAcero Olímpicos 10Kg";"18";"1";"DOA10";"https://pesaschile.cl/2/img/p/1/1/7/6/1176-thickbox_default.jpg"
"95";"1";"Par Discos Acero Olímpicos 15Kg";"18";"1";"DOA15";"https://pesaschile.cl/2/img/p/3/5/1/351-thickbox_default.jpg"
"95";"1";"Par Discos Acero Olímpicos 15Kg";"18";"1";"DOA15";"https://pesaschile.cl/2/img/p/6/3/5/635-thickbox_default.jpg"
"96";"1";"Par Discos Acero Olímpicos 20Kg";"18";"1";"DOA20";"https://pesaschile.cl/2/img/p/1/1/2/6/1126-thickbox_default.jpg"
"97";"1";"Par Discos Engomados 1,25kg";"2";"1";"DOE0125";"https://pesaschile.cl/2/img/p/5/9/2/592-thickbox_default.jpg"
"98";"1";"Par Discos Engomados 2,5kg";"2";"1";"DOE025";"https://pesaschile.cl/2/img/p/5/9/3/593-thickbox_default.jpg"
"99";"1";"Par Discos Engomados 5kg";"2";"1";"DOE05";"https://pesaschile.cl/2/img/p/5/9/4/594-thickbox_default.jpg"
"100";"1";"Par Discos Engomados 10kg";"2";"1";"DOE10";"https://pesaschile.cl/2/img/p/5/9/5/595-thickbox_default.jpg"
"101";"1";"Par Discos Engomados 15kg";"2";"1";"DOE15";"https://pesaschile.cl/2/img/p/5/9/6/596-thickbox_default.jpg"
"102";"1";"Par Discos Engomados 20kg";"2";"1";"DOE20";"https://pesaschile.cl/2/img/p/7/7/5/775-thickbox_default.jpg"
"103";"1";"Kettlebell Vinilo 16Kg";"15";"1";"KV16";"https://pesaschile.cl/2/img/p/1/7/5/175-thickbox_default.jpg"
"104";"1";"Kettlebell Vinilo 8Kg";"15";"1";"KV08";"https://pesaschile.cl/2/img/p/1/1/3/6/1136-thickbox_default.jpg"
"104";"1";"Kettlebell Vinilo 8Kg";"15";"1";"KV08";"https://pesaschile.cl/2/img/p/1/2/6/0/1260-thickbox_default.jpg"
"105";"1";"Kettlebell Vinilo 20Kg";"15";"1";"KV20";"https://pesaschile.cl/2/img/p/1/7/7/177-thickbox_default.jpg"
"106";"1";"Kettlebell Vinilo 6Kg";"15";"1";"KV06";"https://pesaschile.cl/2/img/p/1/1/3/5/1135-thickbox_default.jpg"
"106";"1";"Kettlebell Vinilo 6Kg";"15";"1";"KV06";"https://pesaschile.cl/2/img/p/1/2/5/9/1259-thickbox_default.jpg"
"108";"1";"Kettlebell Vinilo 12Kg";"15";"1";"KV12";"https://pesaschile.cl/2/img/p/1/1/3/8/1138-thickbox_default.jpg"
"108";"1";"Kettlebell Vinilo 12Kg";"15";"1";"KV12";"https://pesaschile.cl/2/img/p/1/2/6/2/1262-thickbox_default.jpg"
"109";"0";"Kettlebell Acero 16Kg";"2";"1";"KA16";"https://pesaschile.cl/2/img/p/1/8/1/181-thickbox_default.jpg"
"110";"1";"Kettlebell Acero 20Kg";"15";"1";"KA20";"https://pesaschile.cl/2/img/p/1/8/2/182-thickbox_default.jpg"
"111";"0";"Kettlebell Acero 4Kg";"2";"1";"KA04";"https://pesaschile.cl/2/img/p/1/8/3/183-thickbox_default.jpg"
"113";"0";"Kettlebell Acero 12Kg";"2";"1";"KA12";"https://pesaschile.cl/2/img/p/1/8/5/185-thickbox_default.jpg"
"114";"1";"Kettlebell Vinilo 4Kg";"15";"1";"KV04";"https://pesaschile.cl/2/img/p/1/8/6/186-thickbox_default.jpg"
"114";"1";"Kettlebell Vinilo 4Kg";"15";"1";"KV04";"https://pesaschile.cl/2/img/p/1/2/5/8/1258-thickbox_default.jpg"
"115";"1";"Kettlebell Vinilo 10Kg";"15";"1";"KV10";"https://pesaschile.cl/2/img/p/1/1/3/7/1137-thickbox_default.jpg"
"115";"1";"Kettlebell Vinilo 10Kg";"15";"1";"KV10";"https://pesaschile.cl/2/img/p/1/2/6/1/1261-thickbox_default.jpg"
"117";"1";"Banquillo Abdominales Regulable Promachine";"2";"1";"MBAR";"https://pesaschile.cl/2/img/p/6/6/7/667-thickbox_default.jpg"
"119";"0";"Banquillo Inclinable Promachine";"2";"1";"PM017";"https://pesaschile.cl/2/img/p/1/2/6/5/1265-thickbox_default.jpg"
"119";"0";"Banquillo Inclinable Promachine";"2";"1";"PM017";"https://pesaschile.cl/2/img/p/1/2/6/6/1266-thickbox_default.jpg"
"119";"0";"Banquillo Inclinable Promachine";"2";"1";"PM017";"https://pesaschile.cl/2/img/p/1/2/6/7/1267-thickbox_default.jpg"
"124";"0";"Press Banca Olimpica Promachine";"2";"1";"MAPPP";"https://pesaschile.cl/2/img/p/6/2/9/629-thickbox_default.jpg"
"125";"0";"Par Discos Acero 2Kg Promachine";"32";"1";"DPP02";"https://pesaschile.cl/2/img/p/5/3/2/532-thickbox_default.jpg"
"127";"1";"Balón Pilates 55 cm";"139";"1";"BP55";"https://pesaschile.cl/2/img/p/1/1/2/0/1120-thickbox_default.jpg"
"128";"1";"Balón Pilates 65 cm";"2";"1";"BP65";"https://pesaschile.cl/2/img/p/1/1/2/1/1121-thickbox_default.jpg"
"129";"1";"Balón Pilates 75 cm";"33";"1";"BP75";"https://pesaschile.cl/2/img/p/1/1/2/2/1122-thickbox_default.jpg"
"130";"1";"Expander Tube Básico";"35";"1";"FIETB";"https://pesaschile.cl/2/img/p/1/3/1/2/1312-thickbox_default.jpg"
"132";"1";"Expander Tube Reforzado";"35";"1";"FIETR";"https://pesaschile.cl/2/img/p/1/3/1/3/1313-thickbox_default.jpg"
"133";"1";"Rodillera Mac David Protector";"33";"1";"";"https://pesaschile.cl/2/img/p/1/5/1/9/1519-thickbox_default.jpg"
"134";"0";"Banda Elástica Aerobica Hard";"35";"1";"BE065";"https://pesaschile.cl/2/img/p/7/9/2/792-thickbox_default.jpg"
"135";"1";"Bosu";"35";"1";"B012";"https://pesaschile.cl/2/img/p/1/7/8/7/1787-thickbox_default.jpg"
"135";"1";"Bosu";"35";"1";"B012";"https://pesaschile.cl/2/img/p/1/7/8/9/1789-thickbox_default.jpg"
"135";"1";"Bosu";"35";"1";"B012";"https://pesaschile.cl/2/img/p/1/7/9/0/1790-thickbox_default.jpg"
"136";"1";"Colchoneta";"2";"1";"FIC";"https://pesaschile.cl/2/img/p/2/1/4/214-thickbox_default.jpg"
"142";"1";"Matt de Yoga";"35";"1";"FIM";"https://pesaschile.cl/2/img/p/1/2/7/5/1275-thickbox_default.jpg"
"142";"1";"Matt de Yoga";"35";"1";"FIM";"https://pesaschile.cl/2/img/p/1/2/7/6/1276-thickbox_default.jpg"
"142";"1";"Matt de Yoga";"35";"1";"FIM";"https://pesaschile.cl/2/img/p/1/2/7/7/1277-thickbox_default.jpg"
"142";"1";"Matt de Yoga";"35";"1";"FIM";"https://pesaschile.cl/2/img/p/1/2/7/8/1278-thickbox_default.jpg"
"144";"1";"Par Mancuerna PVC 1 Kg";"2";"1";"MP01";"https://pesaschile.cl/2/img/p/1/1/8/1/1181-thickbox_default.jpg"
"145";"1";"Par Mancuerna PVC 1,5 Kg";"2";"1";"MP015";"https://pesaschile.cl/2/img/p/1/1/7/7/1177-thickbox_default.jpg"
"146";"1";"Par Mancuerna PVC 2 Kg";"2";"1";"MP02";"https://pesaschile.cl/2/img/p/1/1/7/8/1178-thickbox_default.jpg"
"147";"1";"Par Mancuerna PVC 2,5 Kg";"35";"1";"MP025";"https://pesaschile.cl/2/img/p/1/1/7/9/1179-thickbox_default.jpg"
"148";"1";"Par Mancuerna PVC 3 Kg";"2";"1";"MP03";"https://pesaschile.cl/2/img/p/1/1/8/0/1180-thickbox_default.jpg"
"149";"1";"Step Aeróbico";"35";"1";"FISA";"https://pesaschile.cl/2/img/p/2/3/4/234-thickbox_default.jpg"
"149";"1";"Step Aeróbico";"35";"1";"FISA";"https://pesaschile.cl/2/img/p/9/0/2/902-thickbox_default.jpg"
"149";"1";"Step Aeróbico";"35";"1";"FISA";"https://pesaschile.cl/2/img/p/9/0/3/903-thickbox_default.jpg"
"150";"0";"Trampolin de entrenamiento";"2";"1";"FIMT";"https://pesaschile.cl/2/img/p/8/0/7/807-thickbox_default.jpg"
"151";"1";"Set Balones Medicinales 31KG";"10";"1";"PBMP";"https://pesaschile.cl/2/img/p/1/7/2/5/1725-thickbox_default.jpg"
"152";"1";"Bumpers plate + Barra olímpica Elite HWM";"2";"1";"PBH100";"https://pesaschile.cl/2/img/p/7/0/9/709-thickbox_default.jpg"
"153";"1";"Set Bumpers plate 150kg. (320 Lb)";"61";"1";"PB150";"https://pesaschile.cl/2/img/p/5/6/2/562-thickbox_default.jpg"
"153";"1";"Set Bumpers plate 150kg. (320 Lb)";"61";"1";"PB150";"https://pesaschile.cl/2/img/p/1/0/8/0/1080-thickbox_default.jpg"
"157";"0";"Pack Kettbells HWM Light";"2";"1";"";"https://pesaschile.cl/2/img/p/3/6/5/365-thickbox_default.jpg"
"159";"0";"Pack Kettlebell Vinilo Full";"2";"1";"PKVF";"https://pesaschile.cl/2/img/p/1/3/5/9/1359-thickbox_default.jpg"
"160";"1";"Pack Acero Olímpico 107.5";"46";"1";"PAB";"https://pesaschile.cl/2/img/p/6/5/0/650-thickbox_default.jpg"
"161";"1";"Pack Olímpico Engomado con Barra";"46";"1";"PEB";"https://pesaschile.cl/2/img/p/1/3/4/4/1344-thickbox_default.jpg"
"164";"1";"Balón Medicinal Sin Bote 7kg";"2";"1";"BSB07";"https://pesaschile.cl/2/img/p/1/1/6/1/1161-thickbox_default.jpg"
"166";"1";"Balón Medicinal Sin Bote 10kg";"2";"1";"BSB10";"https://pesaschile.cl/2/img/p/1/1/6/2/1162-thickbox_default.jpg"
"167";"1";"Balón Medicinal Sin Bote 9kg";"139";"1";"BSB09";"https://pesaschile.cl/2/img/p/1/1/6/3/1163-thickbox_default.jpg"
"168";"1";"Pesos Muñeca Tobillo 2,5kg(2 unidades)";"2";"1";"PM2.5";"https://pesaschile.cl/2/img/p/7/1/3/713-thickbox_default.jpg"
"168";"1";"Pesos Muñeca Tobillo 2,5kg(2 unidades)";"2";"1";"PM2.5";"https://pesaschile.cl/2/img/p/7/1/4/714-thickbox_default.jpg"
"170";"1";"Mancuerna Barbell 21.8 kg";"21";"1";"";"https://pesaschile.cl/2/img/p/1/4/5/1/1451-thickbox_default.jpg"
"171";"1";"Mancuerna Barbell 5.8 kg";"21";"1";"";"https://pesaschile.cl/2/img/p/1/4/5/2/1452-thickbox_default.jpg"
"172";"1";"Mancuerna Barbell 7.8 kg";"21";"1";"";"https://pesaschile.cl/2/img/p/1/4/5/3/1453-thickbox_default.jpg"
"173";"1";"Mancuerna Barbell 9.8 kg";"21";"1";"";"https://pesaschile.cl/2/img/p/1/4/5/4/1454-thickbox_default.jpg"
"174";"1";"Mancuerna Barbell 11.8 kg";"21";"1";"";"https://pesaschile.cl/2/img/p/1/4/5/5/1455-thickbox_default.jpg"
"175";"1";"Mancuerna Barbell 13.8 kg";"21";"1";"";"https://pesaschile.cl/2/img/p/1/4/5/6/1456-thickbox_default.jpg"
"176";"1";"Mancuerna Barbell 15.8 kg";"21";"1";"";"https://pesaschile.cl/2/img/p/1/4/5/9/1459-thickbox_default.jpg"
"177";"1";"Mancuerna Barbell 16.8 kg";"21";"1";"";"https://pesaschile.cl/2/img/p/1/4/5/8/1458-thickbox_default.jpg"
"178";"1";"Mancuerna Mastodonte 4.3 kg";"21";"1";"";"https://pesaschile.cl/2/img/p/2/6/8/268-thickbox_default.jpg"
"178";"1";"Mancuerna Mastodonte 4.3 kg";"21";"1";"";"https://pesaschile.cl/2/img/p/4/9/1/491-thickbox_default.jpg"
"179";"1";"Mancuerna Mastodonte 6.8 kg";"21";"1";"";"https://pesaschile.cl/2/img/p/2/6/9/269-thickbox_default.jpg"
"179";"1";"Mancuerna Mastodonte 6.8 kg";"21";"1";"";"https://pesaschile.cl/2/img/p/4/9/2/492-thickbox_default.jpg"
"180";"1";"Mancuerna Mastodonte 9.3kg";"21";"1";"";"https://pesaschile.cl/2/img/p/2/7/0/270-thickbox_default.jpg"
"180";"1";"Mancuerna Mastodonte 9.3kg";"21";"1";"";"https://pesaschile.cl/2/img/p/4/9/3/493-thickbox_default.jpg"
"181";"1";"Mancuerna Mastodonte 11.8kg";"2";"1";"";"https://pesaschile.cl/2/img/p/2/7/1/271-thickbox_default.jpg"
"181";"1";"Mancuerna Mastodonte 11.8kg";"2";"1";"";"https://pesaschile.cl/2/img/p/4/9/4/494-thickbox_default.jpg"
"182";"1";"Mancuerna Mastodonte 14.3kg";"21";"1";"";"https://pesaschile.cl/2/img/p/2/7/2/272-thickbox_default.jpg"
"182";"1";"Mancuerna Mastodonte 14.3kg";"21";"1";"";"https://pesaschile.cl/2/img/p/4/9/5/495-thickbox_default.jpg"
"183";"1";"Mancuerna Mastodonte 16.8 kg";"21";"1";"";"https://pesaschile.cl/2/img/p/2/7/3/273-thickbox_default.jpg"
"183";"1";"Mancuerna Mastodonte 16.8 kg";"21";"1";"";"https://pesaschile.cl/2/img/p/4/9/6/496-thickbox_default.jpg"
"184";"1";"Mancuerna Mastodonte 21.8 kg";"21";"1";"";"https://pesaschile.cl/2/img/p/2/7/4/274-thickbox_default.jpg"
"184";"1";"Mancuerna Mastodonte 21.8 kg";"21";"1";"";"https://pesaschile.cl/2/img/p/4/9/7/497-thickbox_default.jpg"
"185";"0";"Kettlebell HWM 8kg";"15";"1";"KP08";"https://pesaschile.cl/2/img/p/3/5/9/359-thickbox_default.jpg"
"186";"0";"Kettlebell HWM 12kg";"15";"1";"KP12";"https://pesaschile.cl/2/img/p/3/6/0/360-thickbox_default.jpg"
"187";"0";"Kettlebell HWM 24kg";"2";"1";"KP24";"https://pesaschile.cl/2/img/p/3/7/3/373-thickbox_default.jpg"
"188";"0";"Kettlebell HWM 16kg";"15";"1";"KP16";"https://pesaschile.cl/2/img/p/3/6/2/362-thickbox_default.jpg"
"190";"1";"Par Mancuerna Hexagonal HWM 5kg";"2";"1";"MH05";"https://pesaschile.cl/2/img/p/1/1/4/5/1145-thickbox_default.jpg"
"191";"1";"Par Mancuerna Hexagonal HWM 10kg";"2";"1";"MH10";"https://pesaschile.cl/2/img/p/1/1/4/6/1146-thickbox_default.jpg"
"192";"1";"Par Mancuerna Hexagonal HWM 15kg";"2";"1";"MH15";"https://pesaschile.cl/2/img/p/1/1/4/7/1147-thickbox_default.jpg"
"193";"1";"Par Mancuerna Hexagonal HWM 20kg";"2";"1";"MH20";"https://pesaschile.cl/2/img/p/1/1/4/8/1148-thickbox_default.jpg"
"194";"1";"Par Mancuerna Hexagonal HWM 25kg";"2";"1";"MH25";"https://pesaschile.cl/2/img/p/1/1/4/9/1149-thickbox_default.jpg"
"195";"1";"Par Mancuerna Hexagonal HWM 30kg";"2";"1";"MH30";"https://pesaschile.cl/2/img/p/1/3/2/3/1323-thickbox_default.jpg"
"196";"1";"Par Bumper Plate 20kg";"18";"1";"DOB20";"https://pesaschile.cl/2/img/p/1/0/7/5/1075-thickbox_default.jpg"
"196";"1";"Par Bumper Plate 20kg";"18";"1";"DOB20";"https://pesaschile.cl/2/img/p/1/0/7/6/1076-thickbox_default.jpg"
"197";"1";"Par Bumper Plate 25kg";"18";"1";"DOB25";"https://pesaschile.cl/2/img/p/1/0/7/7/1077-thickbox_default.jpg"
"197";"1";"Par Bumper Plate 25kg";"18";"1";"DOB25";"https://pesaschile.cl/2/img/p/1/0/7/8/1078-thickbox_default.jpg"
"198";"1";"Par Bumper Plate 15kg";"18";"1";"DOB15";"https://pesaschile.cl/2/img/p/1/0/7/3/1073-thickbox_default.jpg"
"198";"1";"Par Bumper Plate 15kg";"18";"1";"DOB15";"https://pesaschile.cl/2/img/p/1/0/7/4/1074-thickbox_default.jpg"
"199";"1";"Par Bumper Plate 5kg";"18";"1";"DOB05";"https://pesaschile.cl/2/img/p/1/0/6/9/1069-thickbox_default.jpg"
"199";"1";"Par Bumper Plate 5kg";"18";"1";"DOB05";"https://pesaschile.cl/2/img/p/1/0/7/0/1070-thickbox_default.jpg"
"200";"1";"Par Bumper Plate 10kg";"18";"1";"DOB10";"https://pesaschile.cl/2/img/p/1/0/7/1/1071-thickbox_default.jpg"
"200";"1";"Par Bumper Plate 10kg";"18";"1";"DOB10";"https://pesaschile.cl/2/img/p/1/0/7/2/1072-thickbox_default.jpg"
"202";"1";"Ab Mat";"33";"1";"FIAM";"https://pesaschile.cl/2/img/p/1/1/1/9/1119-thickbox_default.jpg"
"203";"1";"Set de Tubos de Expansión";"35";"1";"SET";"https://pesaschile.cl/2/img/p/1/1/4/2/1142-thickbox_default.jpg"
"205";"1";"Colchoneta de alto trafico";"2";"1";"FICL";"https://pesaschile.cl/2/img/p/1/7/8/5/1785-thickbox_default.jpg"
"206";"1";"Rueda Abdominal";"2";"1";"FIRA";"https://pesaschile.cl/2/img/p/1/3/5/4/1354-thickbox_default.jpg"
"210";"1";"Kettlebell Acero 24Kg";"2";"1";"KA24";"https://pesaschile.cl/2/img/p/3/1/6/316-thickbox_default.jpg"
"211";"1";"Kettlebell Acero 28Kg";"2";"1";"KA28";"https://pesaschile.cl/2/img/p/3/1/7/317-thickbox_default.jpg"
"212";"1";"Barra W Olímpica";"26";"1";"BOW";"https://pesaschile.cl/2/img/p/3/1/9/319-thickbox_default.jpg"
"213";"1";"Barra Romana Olímpica";"26";"1";"BORO";"https://pesaschile.cl/2/img/p/3/2/0/320-thickbox_default.jpg"
"221";"1";"Discos Barbell 1 kg X 2UN";"2";"1";"DPB01";"https://pesaschile.cl/2/img/p/1/0/4/2/1042-thickbox_default.jpg"
"225";"1";"Mancuerna Barbell 26.8 kg";"21";"1";"";"https://pesaschile.cl/2/img/p/1/4/5/7/1457-thickbox_default.jpg"
"226";"1";"Pack Iniciación Mastodonte";"46";"1";"PMI";"https://pesaschile.cl/2/img/p/4/0/3/403-thickbox_default.jpg"
"229";"1";"Barra Monster HWM 20KG";"26";"1";"BOMH";"https://pesaschile.cl/2/img/p/1/5/5/0/1550-thickbox_default.jpg"
"229";"1";"Barra Monster HWM 20KG";"26";"1";"BOMH";"https://pesaschile.cl/2/img/p/1/5/5/1/1551-thickbox_default.jpg"
"229";"1";"Barra Monster HWM 20KG";"26";"1";"BOMH";"https://pesaschile.cl/2/img/p/1/5/5/2/1552-thickbox_default.jpg"
"229";"1";"Barra Monster HWM 20KG";"26";"1";"BOMH";"https://pesaschile.cl/2/img/p/1/5/5/3/1553-thickbox_default.jpg"
"229";"1";"Barra Monster HWM 20KG";"26";"1";"BOMH";"https://pesaschile.cl/2/img/p/1/5/5/4/1554-thickbox_default.jpg"
"229";"1";"Barra Monster HWM 20KG";"26";"1";"BOMH";"https://pesaschile.cl/2/img/p/1/5/5/5/1555-thickbox_default.jpg"
"229";"1";"Barra Monster HWM 20KG";"26";"1";"BOMH";"https://pesaschile.cl/2/img/p/1/5/5/6/1556-thickbox_default.jpg"
"231";"1";"Set Bumpers plate 100kg. (220 lb)";"61";"1";"PB100";"https://pesaschile.cl/2/img/p/5/6/1/561-thickbox_default.jpg"
"231";"1";"Set Bumpers plate 100kg. (220 lb)";"61";"1";"PB100";"https://pesaschile.cl/2/img/p/1/0/7/9/1079-thickbox_default.jpg"
"232";"1";"Par Disco Mastodonte 10Kg";"32";"1";"DPM10";"https://pesaschile.cl/2/img/p/4/1/2/412-thickbox_default.jpg"
"233";"1";"Chaleco de lastre 5kg";"2";"1";"CL05";"https://pesaschile.cl/2/img/p/4/0/7/407-thickbox_default.jpg"
"234";"1";"Jaula de Potencia";"2";"1";"PK001";"https://pesaschile.cl/2/img/p/8/3/3/833-thickbox_default.jpg"
"235";"1";"Pack Lentejas 50 unidades";"13";"1";"FIL";"https://pesaschile.cl/2/img/p/4/1/3/413-thickbox_default.jpg"
"236";"0";"Speed Rope";"2";"1";"CSSR";"https://pesaschile.cl/2/img/p/1/1/7/4/1174-thickbox_default.jpg"
"237";"1";"Pack Hard Mastodonte";"46";"1";"PMH";"https://pesaschile.cl/2/img/p/4/1/5/415-thickbox_default.jpg"
"240";"1";"Vallas de entrenamiento";"2";"1";"";"https://pesaschile.cl/2/img/p/4/1/7/417-thickbox_default.jpg"
"241";"1";"Pack Barra Training +170LB Crumb HWM";"26";"1";"PDOCT";"https://pesaschile.cl/2/img/p/1/3/4/7/1347-thickbox_default.jpg"
"242";"1";"Cinturon lumbar HWM";"26";"1";"CLH";"https://pesaschile.cl/2/img/p/6/3/1/631-thickbox_default.jpg"
"243";"0";"Saco búlgaro";"2";"1";"";"https://pesaschile.cl/2/img/p/4/2/1/421-thickbox_default.jpg"
"247";"1";"Máquina de Smith";"2";"1";"PK007";"https://pesaschile.cl/2/img/p/4/3/1/431-thickbox_default.jpg"
"247";"1";"Máquina de Smith";"2";"1";"PK007";"https://pesaschile.cl/2/img/p/5/7/2/572-thickbox_default.jpg"
"247";"1";"Máquina de Smith";"2";"1";"PK007";"https://pesaschile.cl/2/img/p/5/7/3/573-thickbox_default.jpg"
"248";"1";"Atril de sentadillas Promachine";"2";"1";"RA033R";"https://pesaschile.cl/2/img/p/1/7/3/6/1736-thickbox_default.jpg"
"248";"1";"Atril de sentadillas Promachine";"2";"1";"RA033R";"https://pesaschile.cl/2/img/p/1/7/3/7/1737-thickbox_default.jpg"
"248";"1";"Atril de sentadillas Promachine";"2";"1";"RA033R";"https://pesaschile.cl/2/img/p/1/7/3/8/1738-thickbox_default.jpg"
"248";"1";"Atril de sentadillas Promachine";"2";"1";"RA033R";"https://pesaschile.cl/2/img/p/1/7/3/9/1739-thickbox_default.jpg"
"248";"1";"Atril de sentadillas Promachine";"2";"1";"RA033R";"https://pesaschile.cl/2/img/p/1/7/4/0/1740-thickbox_default.jpg"
"249";"1";"Polea Cruzada JR";"2";"1";"PM030J";"https://pesaschile.cl/2/img/p/1/5/1/1/1511-thickbox_default.jpg"
"250";"1";"Banquillo inclinable declinable HWM";"13";"1";"SUB018";"https://pesaschile.cl/2/img/p/4/3/4/434-thickbox_default.jpg"
"250";"1";"Banquillo inclinable declinable HWM";"13";"1";"SUB018";"https://pesaschile.cl/2/img/p/4/5/5/455-thickbox_default.jpg"
"251";"0";"Banco inclinado";"2";"1";"";"https://pesaschile.cl/2/img/p/6/3/0/630-thickbox_default.jpg"
"253";"0";"Piso de caucho 15mm 50 x 50 CM";"2";"1";"";"https://pesaschile.cl/2/img/p/1/1/4/1/1141-thickbox_default.jpg"
"254";"1";"Hand Grip Regulable Pro";"2";"1";"HG6";"https://pesaschile.cl/2/img/p/1/2/7/0/1270-thickbox_default.jpg"
"254";"1";"Hand Grip Regulable Pro";"2";"1";"HG6";"https://pesaschile.cl/2/img/p/1/2/7/1/1271-thickbox_default.jpg"
"256";"1";"Body-Pump set Profesional";"46";"1";"SBP";"https://pesaschile.cl/2/img/p/1/6/4/1/1641-thickbox_default.jpg"
"256";"1";"Body-Pump set Profesional";"46";"1";"SBP";"https://pesaschile.cl/2/img/p/1/6/4/2/1642-thickbox_default.jpg"
"259";"1";"Barra Olímpica 1.5 mt";"2";"1";"BORC";"https://pesaschile.cl/2/img/p/4/4/7/447-thickbox_default.jpg"
"263";"1";"Barras Paralelas 70cm";"2";"1";"P70";"https://pesaschile.cl/2/img/p/5/0/1/501-thickbox_default.jpg"
"264";"1";"Barras Paralelas Cortas 17 cm";"13";"1";"P40";"https://pesaschile.cl/2/img/p/1/5/9/2/1592-thickbox_default.jpg"
"265";"1";"orilla de caucho";"2";"1";"";""
"266";"0";"esquinero de caucho";"2";"1";"";"https://pesaschile.cl/2/img/p/7/5/8/758-thickbox_default.jpg"
"267";"1";"RACK + 8 PAR MANCUERNA";"2";"1";"RH08";"https://pesaschile.cl/2/img/p/1/6/5/0/1650-thickbox_default.jpg"
"267";"1";"RACK + 8 PAR MANCUERNA";"2";"1";"RH08";"https://pesaschile.cl/2/img/p/1/6/5/1/1651-thickbox_default.jpg"
"269";"1";"Half Power Rack HWM";"8";"1";"PK041";"https://pesaschile.cl/2/img/p/4/5/9/459-thickbox_default.jpg"
"269";"1";"Half Power Rack HWM";"8";"1";"PK041";"https://pesaschile.cl/2/img/p/5/7/4/574-thickbox_default.jpg"
"269";"1";"Half Power Rack HWM";"8";"1";"PK041";"https://pesaschile.cl/2/img/p/5/7/5/575-thickbox_default.jpg"
"270";"1";"GHD HWM";"2";"1";"MGHDH";"https://pesaschile.cl/2/img/p/8/3/8/838-thickbox_default.jpg"
"271";"1";"Rep Timer";"2";"1";"RT";"https://pesaschile.cl/2/img/p/1/0/3/9/1039-thickbox_default.jpg"
"272";"0";"Trx Alternativo";"2";"1";"";"https://pesaschile.cl/2/img/p/5/1/0/510-thickbox_default.jpg"
"273";"1";"Cuerda de trepar Yute";"2";"1";"CY";"https://pesaschile.cl/2/img/p/7/2/1/721-thickbox_default.jpg"
"273";"1";"Cuerda de trepar Yute";"2";"1";"CY";"https://pesaschile.cl/2/img/p/7/2/2/722-thickbox_default.jpg"
"273";"1";"Cuerda de trepar Yute";"2";"1";"CY";"https://pesaschile.cl/2/img/p/7/2/3/723-thickbox_default.jpg"
"274";"1";"Cuerda Battle Rope";"2";"1";"CBR";"https://pesaschile.cl/2/img/p/7/3/1/731-thickbox_default.jpg"
"274";"1";"Cuerda Battle Rope";"2";"1";"CBR";"https://pesaschile.cl/2/img/p/7/3/2/732-thickbox_default.jpg"
"274";"1";"Cuerda Battle Rope";"2";"1";"CBR";"https://pesaschile.cl/2/img/p/7/3/3/733-thickbox_default.jpg"
"274";"1";"Cuerda Battle Rope";"2";"1";"CBR";"https://pesaschile.cl/2/img/p/7/3/4/734-thickbox_default.jpg"
"275";"1";"Anillas olimpicas Madera";"2";"1";"BSA2";"https://pesaschile.cl/2/img/p/4/6/6/466-thickbox_default.jpg"
"275";"1";"Anillas olimpicas Madera";"2";"1";"BSA2";"https://pesaschile.cl/2/img/p/7/2/4/724-thickbox_default.jpg"
"275";"1";"Anillas olimpicas Madera";"2";"1";"BSA2";"https://pesaschile.cl/2/img/p/7/2/5/725-thickbox_default.jpg"
"275";"1";"Anillas olimpicas Madera";"2";"1";"BSA2";"https://pesaschile.cl/2/img/p/7/2/6/726-thickbox_default.jpg"
"275";"1";"Anillas olimpicas Madera";"2";"1";"BSA2";"https://pesaschile.cl/2/img/p/7/2/7/727-thickbox_default.jpg"
"275";"1";"Anillas olimpicas Madera";"2";"1";"BSA2";"https://pesaschile.cl/2/img/p/7/2/8/728-thickbox_default.jpg"
"276";"1";"Power Pack Acero";"26";"1";"PPPA";"https://pesaschile.cl/2/img/p/1/7/2/8/1728-thickbox_default.jpg"
"282";"1";"Bicicleta Sp2 Promachine";"34";"1";"SP2P";"https://pesaschile.cl/2/img/p/1/4/2/3/1423-thickbox_default.jpg"
"283";"1";"Balón Medicinal Sin Bote 5kg";"2";"1";"BSB05";"https://pesaschile.cl/2/img/p/1/1/6/4/1164-thickbox_default.jpg"
"284";"1";"Pack Smith Machine + banquillo + Engomados";"2";"1";"PSBE";"https://pesaschile.cl/2/img/p/1/4/2/0/1420-thickbox_default.jpg"
"285";"1";"Par D.Acero Olimpicos 1,25Kg";"18";"1";"DOA0125";"https://pesaschile.cl/2/img/p/4/8/4/484-thickbox_default.jpg"
"285";"1";"Par D.Acero Olimpicos 1,25Kg";"18";"1";"DOA0125";"https://pesaschile.cl/2/img/p/6/3/2/632-thickbox_default.jpg"
"286";"1";"Calleras";"8";"1";"CA";"https://pesaschile.cl/2/img/p/1/1/6/8/1168-thickbox_default.jpg"
"288";"1";"Par Mancuerna Hexagonal HWM 22.5kg";"2";"1";"MH225";"https://pesaschile.cl/2/img/p/1/1/5/0/1150-thickbox_default.jpg"
"289";"1";"Atril de discos Olímpicos";"2";"1";"ADO";"https://pesaschile.cl/2/img/p/5/0/0/500-thickbox_default.jpg"
"290";"1";"Toma una Mano para Poleas";"2";"1";"TMP";"https://pesaschile.cl/2/img/p/5/0/3/503-thickbox_default.jpg"
"291";"1";"Toma Remo para Polea";"2";"1";"TRP";"https://pesaschile.cl/2/img/p/1/1/6/7/1167-thickbox_default.jpg"
"292";"1";"Soga para tríceps/biceps";"2";"1";"STB";"https://pesaschile.cl/2/img/p/5/0/4/504-thickbox_default.jpg"
"292";"1";"Soga para tríceps/biceps";"2";"1";"STB";"https://pesaschile.cl/2/img/p/7/8/5/785-thickbox_default.jpg"
"292";"1";"Soga para tríceps/biceps";"2";"1";"STB";"https://pesaschile.cl/2/img/p/7/8/6/786-thickbox_default.jpg"
"293";"1";"Barra Training Serie 20kg HWM";"2";"1";"BORT";"https://pesaschile.cl/2/img/p/1/5/2/6/1526-thickbox_default.jpg"
"293";"1";"Barra Training Serie 20kg HWM";"2";"1";"BORT";"https://pesaschile.cl/2/img/p/1/5/2/7/1527-thickbox_default.jpg"
"293";"1";"Barra Training Serie 20kg HWM";"2";"1";"BORT";"https://pesaschile.cl/2/img/p/1/5/2/8/1528-thickbox_default.jpg"
"293";"1";"Barra Training Serie 20kg HWM";"2";"1";"BORT";"https://pesaschile.cl/2/img/p/1/5/5/7/1557-thickbox_default.jpg"
"293";"1";"Barra Training Serie 20kg HWM";"2";"1";"BORT";"https://pesaschile.cl/2/img/p/1/5/5/8/1558-thickbox_default.jpg"
"293";"1";"Barra Training Serie 20kg HWM";"2";"1";"BORT";"https://pesaschile.cl/2/img/p/1/5/5/9/1559-thickbox_default.jpg"
"294";"1";"Speed Rope HWM";"33";"1";"CSSRH";"https://pesaschile.cl/2/img/p/1/1/6/6/1166-thickbox_default.jpg"
"294";"1";"Speed Rope HWM";"33";"1";"CSSRH";"https://pesaschile.cl/2/img/p/1/3/2/6/1326-thickbox_default.jpg"
"294";"1";"Speed Rope HWM";"33";"1";"CSSRH";"https://pesaschile.cl/2/img/p/1/4/3/3/1433-thickbox_default.jpg"
"294";"1";"Speed Rope HWM";"33";"1";"CSSRH";"https://pesaschile.cl/2/img/p/1/4/3/4/1434-thickbox_default.jpg"
"294";"1";"Speed Rope HWM";"33";"1";"CSSRH";"https://pesaschile.cl/2/img/p/1/4/3/5/1435-thickbox_default.jpg"
"294";"1";"Speed Rope HWM";"33";"1";"CSSRH";"https://pesaschile.cl/2/img/p/1/4/3/6/1436-thickbox_default.jpg"
"295";"1";"Almohadilla Para Barra";"8";"1";"HB";"https://pesaschile.cl/2/img/p/1/1/5/8/1158-thickbox_default.jpg"
"296";"0";"Banco Olímpico/atril";"2";"1";"";"https://pesaschile.cl/2/img/p/5/1/1/511-thickbox_default.jpg"
"297";"0";"Pack Banco Olímpico + Barra y discos";"46";"1";"";"https://pesaschile.cl/2/img/p/5/3/8/538-thickbox_default.jpg"
"298";"1";"Par Mancuerna Hexagonal HWM 2,5kg";"2";"1";"MH025";"https://pesaschile.cl/2/img/p/1/1/5/1/1151-thickbox_default.jpg"
"299";"1";"Par Mancuerna Hexagonal HWM 7.5kg";"2";"1";"MH075";"https://pesaschile.cl/2/img/p/1/1/5/2/1152-thickbox_default.jpg"
"300";"1";"ParMancuerna Hexagonal HWM 12.5kg";"2";"1";"MH125";"https://pesaschile.cl/2/img/p/1/1/5/3/1153-thickbox_default.jpg"
"301";"1";"Par Mancuerna Hexagonal HWM 17.5kg";"2";"1";"MH175";"https://pesaschile.cl/2/img/p/1/1/5/4/1154-thickbox_default.jpg"
"302";"1";"Press Banco Preolímpico Regulable Promachine";"2";"1";"BN025";"https://pesaschile.cl/2/img/p/5/6/4/564-thickbox_default.jpg"
"303";"1";"Banquillo Simple HWM";"2";"1";"SUB013";"https://pesaschile.cl/2/img/p/5/2/5/525-thickbox_default.jpg"
"304";"1";"Polea Alta / Remo Promachine";"2";"1";"HM020";"https://pesaschile.cl/2/img/p/5/2/6/526-thickbox_default.jpg"
"305";"0";"Maquina Fly contrapeso";"2";"1";"SUB023";"https://pesaschile.cl/2/img/p/5/2/7/527-thickbox_default.jpg"
"306";"1";"Remo Contrapeso Promachine";"2";"1";"MRC";"https://pesaschile.cl/2/img/p/5/2/8/528-thickbox_default.jpg"
"307";"0";"Leg Press /Hack Squat";"2";"1";"HM028B";"https://pesaschile.cl/2/img/p/5/2/9/529-thickbox_default.jpg"
"308";"1";"Banco Scott Promachine";"2";"1";"UB006";"https://pesaschile.cl/2/img/p/5/3/0/530-thickbox_default.jpg"
"309";"1";"Pack Acero Olimpico 107.5kg";"46";"1";"PA";"https://pesaschile.cl/2/img/p/1/2/5/4/1254-thickbox_default.jpg"
"310";"1";"Power Pro Pack Engomado";"32";"1";"PPPE";"https://pesaschile.cl/2/img/p/1/7/3/0/1730-thickbox_default.jpg"
"311";"1";"Toma Abierta para Dominada";"2";"1";"TAD";"https://pesaschile.cl/2/img/p/5/6/6/566-thickbox_default.jpg"
"312";"1";"Muñequeras";"41";"1";"M";"https://pesaschile.cl/2/img/p/1/1/3/9/1139-thickbox_default.jpg"
"313";"1";"Barra Profesional Elite Serie 20kg HWM";"2";"1";"BOEH";"https://pesaschile.cl/2/img/p/1/5/2/0/1520-thickbox_default.jpg"
"313";"1";"Barra Profesional Elite Serie 20kg HWM";"2";"1";"BOEH";"https://pesaschile.cl/2/img/p/1/5/2/1/1521-thickbox_default.jpg"
"313";"1";"Barra Profesional Elite Serie 20kg HWM";"2";"1";"BOEH";"https://pesaschile.cl/2/img/p/1/5/2/2/1522-thickbox_default.jpg"
"313";"1";"Barra Profesional Elite Serie 20kg HWM";"2";"1";"BOEH";"https://pesaschile.cl/2/img/p/1/5/6/3/1563-thickbox_default.jpg"
"313";"1";"Barra Profesional Elite Serie 20kg HWM";"2";"1";"BOEH";"https://pesaschile.cl/2/img/p/1/5/6/4/1564-thickbox_default.jpg"
"313";"1";"Barra Profesional Elite Serie 20kg HWM";"2";"1";"BOEH";"https://pesaschile.cl/2/img/p/1/5/6/5/1565-thickbox_default.jpg"
"314";"1";"RACK + 10 PAR MANCUERNAS";"2";"1";"RH10";"https://pesaschile.cl/2/img/p/1/6/4/7/1647-thickbox_default.jpg"
"314";"1";"RACK + 10 PAR MANCUERNAS";"2";"1";"RH10";"https://pesaschile.cl/2/img/p/1/6/4/8/1648-thickbox_default.jpg"
"316";"1";"Barra Hexagonal HWM Olímpica";"2";"1";"BOH";"https://pesaschile.cl/2/img/p/1/1/6/0/1160-thickbox_default.jpg"
"317";"1";"SandBag 20kg HWM";"2";"1";"SB20";"https://pesaschile.cl/2/img/p/1/7/7/0/1770-thickbox_default.jpg"
"318";"1";"SandBag 10kg HWM";"2";"1";"SB10";"https://pesaschile.cl/2/img/p/1/7/7/1/1771-thickbox_default.jpg"
"319";"1";"SandBag 15kg HWM";"2";"1";"SB15";"https://pesaschile.cl/2/img/p/1/7/7/2/1772-thickbox_default.jpg"
"320";"1";"SandBag 25kg HWM";"2";"1";"SBS25";"https://pesaschile.cl/2/img/p/6/1/7/617-thickbox_default.jpg"
"320";"1";"SandBag 25kg HWM";"2";"1";"SBS25";"https://pesaschile.cl/2/img/p/6/1/8/618-thickbox_default.jpg"
"321";"1";"Set SandBag HWM";"61";"1";"PSB";"https://pesaschile.cl/2/img/p/1/7/6/9/1769-thickbox_default.jpg"
"322";"1";"Foam Roller";"35";"1";"FR";"https://pesaschile.cl/2/img/p/6/2/2/622-thickbox_default.jpg"
"323";"1";"Banda de Resistencia 13mm";"8";"1";"BC13";"https://pesaschile.cl/2/img/p/1/1/6/9/1169-thickbox_default.jpg"
"324";"1";"Banda de Resistencia 22mm";"8";"1";"BC22";"https://pesaschile.cl/2/img/p/1/1/7/0/1170-thickbox_default.jpg"
"325";"1";"Banda de Resistencia 32mm";"8";"1";"BC32";"https://pesaschile.cl/2/img/p/1/1/7/1/1171-thickbox_default.jpg"
"326";"1";"Banda de Resistencia 45mm";"8";"1";"BC45";"https://pesaschile.cl/2/img/p/1/1/7/2/1172-thickbox_default.jpg"
"327";"1";"Pack Bandas de Resistencia";"20";"1";"BC100";"https://pesaschile.cl/2/img/p/1/1/7/3/1173-thickbox_default.jpg"
"328";"1";"Par Mancuerna Hexagonal 35kg";"22";"1";"MH35";"https://pesaschile.cl/2/img/p/1/3/2/5/1325-thickbox_default.jpg"
"329";"1";"Kettlebell Vinilo Acero 4Kg";"2";"1";"KVA04";"https://pesaschile.cl/2/img/p/1/2/8/2/1282-thickbox_default.jpg"
"330";"1";"Kettlebell Vinilo Acero 8Kg";"2";"1";"KVA08";"https://pesaschile.cl/2/img/p/1/1/3/1/1131-thickbox_default.jpg"
"332";"1";"Kettlebell Vinilo Acero 12Kg";"2";"1";"KVA12";"https://pesaschile.cl/2/img/p/1/1/3/2/1132-thickbox_default.jpg"
"333";"1";"Kettlebell Vinilo Acero 16Kg";"2";"1";"KVA16";"https://pesaschile.cl/2/img/p/1/5/1/8/1518-thickbox_default.jpg"
"334";"1";"Kettlebell Vinilo Acero 10Kg";"2";"1";"KVA10";"https://pesaschile.cl/2/img/p/1/1/3/4/1134-thickbox_default.jpg"
"335";"1";"Press Banco Olímpico Regulable con Soporte de Sentadillas";"2";"1";"PPO";"https://pesaschile.cl/2/img/p/1/3/2/2/1322-thickbox_default.jpg"
"337";"1";"Pack Press Banco con Barra y Discos";"46";"1";"PPBD";"https://pesaschile.cl/2/img/p/1/3/4/5/1345-thickbox_default.jpg"
"338";"1";"Pantorrillera Promachine";"2";"1";"SUB038";"https://pesaschile.cl/2/img/p/6/6/2/662-thickbox_default.jpg"
"339";"0";"Cuádriceps y Femorales";"2";"1";"UB001";"https://pesaschile.cl/2/img/p/6/6/3/663-thickbox_default.jpg"
"340";"1";"Bicicleta Spinning OBELIX";"34";"1";"SPO";"https://pesaschile.cl/2/img/p/1/4/2/4/1424-thickbox_default.jpg"
"341";"1";"X Mount";"2";"1";"TRX00";"https://pesaschile.cl/2/img/p/7/3/9/739-thickbox_default.jpg"
"341";"1";"X Mount";"2";"1";"TRX00";"https://pesaschile.cl/2/img/p/7/4/0/740-thickbox_default.jpg"
"341";"1";"X Mount";"2";"1";"TRX00";"https://pesaschile.cl/2/img/p/7/4/1/741-thickbox_default.jpg"
"341";"1";"X Mount";"2";"1";"TRX00";"https://pesaschile.cl/2/img/p/7/4/2/742-thickbox_default.jpg"
"342";"1";"Rack Dominadas Promachine";"2";"1";"PK020";"https://pesaschile.cl/2/img/p/6/6/9/669-thickbox_default.jpg"
"343";"1";"Jaula HWM profesional Hell Serie";"8";"1";"MJHWM2";"https://pesaschile.cl/2/img/p/1/2/4/1/1241-thickbox_default.jpg"
"344";"1";"Banquillo Inclinable Declinable Hell Serie HWM";"2";"1";"MBDR";"https://pesaschile.cl/2/img/p/6/7/1/671-thickbox_default.jpg"
"345";"1";"Trineo de arrastre HWM";"2";"1";"";"https://pesaschile.cl/2/img/p/6/7/2/672-thickbox_default.jpg"
"346";"0";"Piso caucho alto trafico 25mm";"2";"1";"";"https://pesaschile.cl/2/img/p/1/1/4/0/1140-thickbox_default.jpg"
"347";"0";"Punching Bag 120 cm";"2";"1";"";"https://pesaschile.cl/2/img/p/6/7/9/679-thickbox_default.jpg"
"348";"1";"Foam Roller HWM";"33";"1";"FR2";"https://pesaschile.cl/2/img/p/1/2/0/6/1206-thickbox_default.jpg"
"349";"0";"PACK CALISTENIA";"2";"1";"PCAL";"https://pesaschile.cl/2/img/p/1/3/5/7/1357-thickbox_default.jpg"
"350";"1";"Press de Hombro MO";"55";"1";"MO-2700";"https://pesaschile.cl/2/img/p/1/5/9/7/1597-thickbox_default.jpg"
"351";"1";"Cubo Magnesio 56gr";"2";"1";"CMG";"https://pesaschile.cl/2/img/p/1/0/4/8/1048-thickbox_default.jpg"
"352";"0";"Pack Fitness Yoga";"2";"1";"PFY";"https://pesaschile.cl/2/img/p/1/3/6/1/1361-thickbox_default.jpg"
"353";"0";"Pack Fitness Yoga 2";"2";"1";"PFY2";"https://pesaschile.cl/2/img/p/1/3/6/2/1362-thickbox_default.jpg"
"354";"0";"SET HOME";"2";"1";"";"https://pesaschile.cl/2/img/p/7/6/9/769-thickbox_default.jpg"
"357";"1";"Press de Tríceps MO";"55";"1";"MO-2600";"https://pesaschile.cl/2/img/p/1/6/0/3/1603-thickbox_default.jpg"
"358";"1";"Polea Cruzada MO";"55";"1";"MO-6500";"https://pesaschile.cl/2/img/p/1/6/1/2/1612-thickbox_default.jpg"
"359";"1";"Press Banco Plano MO";"2";"1";"MO-4000";"https://pesaschile.cl/2/img/p/1/7/3/4/1734-thickbox_default.jpg"
"360";"1";"Press Banco Inclinado MO";"55";"1";"MO-4100";"https://pesaschile.cl/2/img/p/1/6/0/0/1600-thickbox_default.jpg"
"360";"1";"Press Banco Inclinado MO";"55";"1";"MO-4100";"https://pesaschile.cl/2/img/p/1/6/2/7/1627-thickbox_default.jpg"
"362";"1";"Aperturas MO";"55";"1";"MO-4800";"https://pesaschile.cl/2/img/p/1/6/2/0/1620-thickbox_default.jpg"
"363";"1";"TRX Force Kit Tactical";"20";"1";"TRXC";"https://pesaschile.cl/2/img/p/8/0/0/800-thickbox_default.jpg"
"364";"1";"TRX PRO Kit";"2";"1";"TRXA";"https://pesaschile.cl/2/img/p/8/0/1/801-thickbox_default.jpg"
"365";"0";"Dorsalera/Remo Obelix";"55";"1";"MO-3550";"https://pesaschile.cl/2/img/p/1/0/3/6/1036-thickbox_default.jpg"
"366";"1";"Atril de Sentadillas MO";"55";"1";"MO-5300";"https://pesaschile.cl/2/img/p/1/7/2/6/1726-thickbox_default.jpg"
"367";"0";"Prensa de Piernas Obelix";"55";"1";"MO-5000";"https://pesaschile.cl/2/img/p/1/0/3/7/1037-thickbox_default.jpg"
"367";"0";"Prensa de Piernas Obelix";"55";"1";"MO-5000";"https://pesaschile.cl/2/img/p/1/3/6/7/1367-thickbox_default.jpg"
"368";"0";"Trotadora Obelix";"34";"1";"XR-3000";"https://pesaschile.cl/2/img/p/8/0/5/805-thickbox_default.jpg"
"369";"1";"Curl Femoral Sentado MO";"55";"1";"MO-5600";"https://pesaschile.cl/2/img/p/1/6/2/1/1621-thickbox_default.jpg"
"370";"0";"PACK GYM PRO ONE";"2";"1";"";"https://pesaschile.cl/2/img/p/8/1/9/819-thickbox_default.jpg"
"371";"0";"Mounted Rig 2x4 HWM";"2";"1";"EP3";"https://pesaschile.cl/2/img/p/8/1/5/815-thickbox_default.jpg"
"372";"1";"Dip Horn Rig HWM";"2";"1";"SF";"https://pesaschile.cl/2/img/p/8/1/7/817-thickbox_default.jpg"
"373";"1";"Par Spotter Arm Rig HWM";"2";"1";"SS";"https://pesaschile.cl/2/img/p/8/1/6/816-thickbox_default.jpg"
"374";"1";"Multi Grip X HWM";"2";"1";"BFM";"https://pesaschile.cl/2/img/p/8/1/8/818-thickbox_default.jpg"
"375";"0";"Par Mancuerna Hexagonal HWM 40kg";"2";"1";"MH40";"https://pesaschile.cl/2/img/p/1/3/2/4/1324-thickbox_default.jpg"
"378";"1";"Pack Hell Crossfit";"23";"1";"PHC";"https://pesaschile.cl/2/img/p/1/7/4/3/1743-thickbox_default.jpg"
"379";"1";"Bumpers plate + Barra olímpica HWM";"2";"1";"PBH150";"https://pesaschile.cl/2/img/p/8/8/3/883-thickbox_default.jpg"
"380";"1";"Bumpers plate 100kg + Barra T-Serie HWM";"2";"1";"PBTH100";"https://pesaschile.cl/2/img/p/8/8/4/884-thickbox_default.jpg"
"380";"1";"Bumpers plate 100kg + Barra T-Serie HWM";"2";"1";"PBTH100";"https://pesaschile.cl/2/img/p/8/8/5/885-thickbox_default.jpg"
"380";"1";"Bumpers plate 100kg + Barra T-Serie HWM";"2";"1";"PBTH100";"https://pesaschile.cl/2/img/p/8/9/2/892-thickbox_default.jpg"
"380";"1";"Bumpers plate 100kg + Barra T-Serie HWM";"2";"1";"PBTH100";"https://pesaschile.cl/2/img/p/8/9/9/899-thickbox_default.jpg"
"381";"1";"Bumpers plate 150kg + Barra T-Serie olímpica HWM";"2";"1";"PBTH150";"https://pesaschile.cl/2/img/p/8/8/7/887-thickbox_default.jpg"
"381";"1";"Bumpers plate 150kg + Barra T-Serie olímpica HWM";"2";"1";"PBTH150";"https://pesaschile.cl/2/img/p/8/8/8/888-thickbox_default.jpg"
"381";"1";"Bumpers plate 150kg + Barra T-Serie olímpica HWM";"2";"1";"PBTH150";"https://pesaschile.cl/2/img/p/8/9/3/893-thickbox_default.jpg"
"381";"1";"Bumpers plate 150kg + Barra T-Serie olímpica HWM";"2";"1";"PBTH150";"https://pesaschile.cl/2/img/p/9/0/0/900-thickbox_default.jpg"
"382";"1";"Bumpers plate 60kg + Barra T-Serie olímpica HWM";"2";"1";"PBT";"https://pesaschile.cl/2/img/p/8/9/6/896-thickbox_default.jpg"
"382";"1";"Bumpers plate 60kg + Barra T-Serie olímpica HWM";"2";"1";"PBT";"https://pesaschile.cl/2/img/p/8/9/7/897-thickbox_default.jpg"
"382";"1";"Bumpers plate 60kg + Barra T-Serie olímpica HWM";"2";"1";"PBT";"https://pesaschile.cl/2/img/p/8/9/8/898-thickbox_default.jpg"
"382";"1";"Bumpers plate 60kg + Barra T-Serie olímpica HWM";"2";"1";"PBT";"https://pesaschile.cl/2/img/p/9/0/1/901-thickbox_default.jpg"
"383";"1";"Barra Profesional Elite Serie 15KG HWM";"2";"1";"BOEM";"https://pesaschile.cl/2/img/p/1/5/2/3/1523-thickbox_default.jpg"
"383";"1";"Barra Profesional Elite Serie 15KG HWM";"2";"1";"BOEM";"https://pesaschile.cl/2/img/p/1/5/2/4/1524-thickbox_default.jpg"
"383";"1";"Barra Profesional Elite Serie 15KG HWM";"2";"1";"BOEM";"https://pesaschile.cl/2/img/p/1/5/2/5/1525-thickbox_default.jpg"
"383";"1";"Barra Profesional Elite Serie 15KG HWM";"2";"1";"BOEM";"https://pesaschile.cl/2/img/p/1/5/6/6/1566-thickbox_default.jpg"
"383";"1";"Barra Profesional Elite Serie 15KG HWM";"2";"1";"BOEM";"https://pesaschile.cl/2/img/p/1/5/6/7/1567-thickbox_default.jpg"
"383";"1";"Barra Profesional Elite Serie 15KG HWM";"2";"1";"BOEM";"https://pesaschile.cl/2/img/p/1/5/6/8/1568-thickbox_default.jpg"
"385";"0";"PACK PRESS DE BANCO HOME";"46";"1";"PPBM";"https://pesaschile.cl/2/img/p/9/0/8/908-thickbox_default.jpg"
"386";"1";"Discos Barbell 15 kg X 2 UN";"2";"1";"DPB15";"https://pesaschile.cl/2/img/p/1/0/5/1/1051-thickbox_default.jpg"
"387";"1";"Discos Barbell 2 kg X 2UN";"2";"1";"DPB02";"https://pesaschile.cl/2/img/p/1/0/4/3/1043-thickbox_default.jpg"
"388";"1";"Discos Barbell 2.5 kg X 2UN";"2";"1";"DPB025";"https://pesaschile.cl/2/img/p/1/0/4/4/1044-thickbox_default.jpg"
"389";"1";"Discos Barbell 10 kg X 2 UN";"2";"1";"DPB10";"https://pesaschile.cl/2/img/p/1/0/4/9/1049-thickbox_default.jpg"
"390";"1";"Discos Barbell 20 kg X 2 UN";"2";"1";"DPB20";"https://pesaschile.cl/2/img/p/1/0/5/0/1050-thickbox_default.jpg"
"391";"1";"Discos Barbell 5 kg X 2 UN";"2";"1";"DPB05";"https://pesaschile.cl/2/img/p/1/0/4/5/1045-thickbox_default.jpg"
"393";"0";"Step 3 niveles Promachine";"35";"1";"FISAP";"https://pesaschile.cl/2/img/p/9/1/5/915-thickbox_default.jpg"
"395";"1";"Rack Horizontal para Mancuernas";"13";"1";"RA018";"https://pesaschile.cl/2/img/p/1/4/7/6/1476-thickbox_default.jpg"
"397";"1";"Cinturon de Lastre";"2";"1";"CL";"https://pesaschile.cl/2/img/p/1/3/6/9/1369-thickbox_default.jpg"
"398";"1";"Pantorillera MO";"55";"1";"MO-5200";"https://pesaschile.cl/2/img/p/1/6/1/0/1610-thickbox_default.jpg"
"399";"1";"Banco Scott MO";"2";"1";"MO-2000";"https://pesaschile.cl/2/img/p/1/6/0/7/1607-thickbox_default.jpg"
"400";"1";"Polea Cruzada Promachine";"34";"1";"PK030";"https://pesaschile.cl/2/img/p/1/5/1/3/1513-thickbox_default.jpg"
"401";"1";"Banco Inclinable MO";"55";"1";"MO-600";"https://pesaschile.cl/2/img/p/1/7/3/3/1733-thickbox_default.jpg"
"402";"1";"Banco Plano MO";"2";"1";"MO-500";"https://pesaschile.cl/2/img/p/1/7/3/2/1732-thickbox_default.jpg"
"403";"0";"pueba";"2";"1";"";""
"408";"1";"Speed Rope Aluminio";"2";"1";"CSSRA";"https://pesaschile.cl/2/img/p/1/4/1/0/1410-thickbox_default.jpg"
"408";"1";"Speed Rope Aluminio";"2";"1";"CSSRA";"https://pesaschile.cl/2/img/p/1/4/1/1/1411-thickbox_default.jpg"
"410";"1";"Par D. Olimpico Promachine 2.5kg";"139";"1";"DOP025";"https://pesaschile.cl/2/img/p/1/0/6/1/1061-thickbox_default.jpg"
"410";"1";"Par D. Olimpico Promachine 2.5kg";"139";"1";"DOP025";"https://pesaschile.cl/2/img/p/1/0/6/2/1062-thickbox_default.jpg"
"411";"1";"Par D. Olimpico Promachine 5kg";"2";"1";"DOP05";"https://pesaschile.cl/2/img/p/1/7/2/4/1724-thickbox_default.jpg"
"412";"1";"Par D. Olimpico Promachine 10kg";"2";"1";"DOP10";"https://pesaschile.cl/2/img/p/1/0/6/3/1063-thickbox_default.jpg"
"412";"1";"Par D. Olimpico Promachine 10kg";"2";"1";"DOP10";"https://pesaschile.cl/2/img/p/1/0/6/4/1064-thickbox_default.jpg"
"413";"1";"Par D. Olimpico Promachine 15kg";"2";"1";"DOP15";"https://pesaschile.cl/2/img/p/1/0/6/5/1065-thickbox_default.jpg"
"413";"1";"Par D. Olimpico Promachine 15kg";"2";"1";"DOP15";"https://pesaschile.cl/2/img/p/1/0/6/6/1066-thickbox_default.jpg"
"414";"1";"Par D. Olimpico Promachine 20kg";"2";"1";"DOP20";"https://pesaschile.cl/2/img/p/1/0/8/3/1083-thickbox_default.jpg"
"417";"1";"Par D. Olimpico Promachine 1.25kg";"2";"1";"DOP0125";"https://pesaschile.cl/2/img/p/1/0/8/6/1086-thickbox_default.jpg"
"417";"1";"Par D. Olimpico Promachine 1.25kg";"2";"1";"DOP0125";"https://pesaschile.cl/2/img/p/1/0/8/7/1087-thickbox_default.jpg"
"418";"1";"Par D. Olimpico Promachine 25kg";"2";"1";"DOP25";"https://pesaschile.cl/2/img/p/1/0/8/8/1088-thickbox_default.jpg"
"418";"1";"Par D. Olimpico Promachine 25kg";"2";"1";"DOP25";"https://pesaschile.cl/2/img/p/1/0/8/9/1089-thickbox_default.jpg"
"419";"1";"Glúteo Aislado MO";"55";"1";"MO-5800";"https://pesaschile.cl/2/img/p/1/6/2/5/1625-thickbox_default.jpg"
"420";"0";"Aducción MO (Aductor)";"55";"1";"MO-5900";"https://pesaschile.cl/2/img/p/1/6/2/8/1628-thickbox_default.jpg"
"421";"1";"Abducción MO (Glúteo Medio)";"55";"1";"MO-5910";"https://pesaschile.cl/2/img/p/1/6/2/9/1629-thickbox_default.jpg"
"422";"1";"Dominada/Fondo Asistida MO";"55";"1";"MO-3000";"https://pesaschile.cl/2/img/p/1/6/3/0/1630-thickbox_default.jpg"
"424";"1";"Extensión de Cuádriceps MO";"55";"1";"MO-5700";"https://pesaschile.cl/2/img/p/1/6/3/1/1631-thickbox_default.jpg"
"427";"1";"Barra Promachine 20kg";"2";"1";"BORP";"https://pesaschile.cl/2/img/p/1/1/0/1/1101-thickbox_default.jpg"
"427";"1";"Barra Promachine 20kg";"2";"1";"BORP";"https://pesaschile.cl/2/img/p/1/1/0/2/1102-thickbox_default.jpg"
"427";"1";"Barra Promachine 20kg";"2";"1";"BORP";"https://pesaschile.cl/2/img/p/1/1/0/3/1103-thickbox_default.jpg"
"427";"1";"Barra Promachine 20kg";"2";"1";"BORP";"https://pesaschile.cl/2/img/p/1/1/0/4/1104-thickbox_default.jpg"
"427";"1";"Barra Promachine 20kg";"2";"1";"BORP";"https://pesaschile.cl/2/img/p/1/5/3/2/1532-thickbox_default.jpg"
"427";"1";"Barra Promachine 20kg";"2";"1";"BORP";"https://pesaschile.cl/2/img/p/1/5/3/3/1533-thickbox_default.jpg"
"428";"1";"Pack Crossfit HWM";"18";"1";"PCH";"https://pesaschile.cl/2/img/p/1/7/4/4/1744-thickbox_default.jpg"
"430";"1";"Barra Extensión Puerta";"2";"1";"BP";"https://pesaschile.cl/2/img/p/1/1/0/8/1108-thickbox_default.jpg"
"430";"1";"Barra Extensión Puerta";"2";"1";"BP";"https://pesaschile.cl/2/img/p/1/1/0/9/1109-thickbox_default.jpg"
"430";"1";"Barra Extensión Puerta";"2";"1";"BP";"https://pesaschile.cl/2/img/p/1/1/1/0/1110-thickbox_default.jpg"
"431";"1";"Pack discos Olímpicos Promachine + barra promachine";"46";"1";"POP";"https://pesaschile.cl/2/img/p/1/1/1/1/1111-thickbox_default.jpg"
"432";"1";"Strap de levantamiento";"41";"1";"SL";"https://pesaschile.cl/2/img/p/1/1/1/7/1117-thickbox_default.jpg"
"432";"1";"Strap de levantamiento";"41";"1";"SL";"https://pesaschile.cl/2/img/p/1/1/1/8/1118-thickbox_default.jpg"
"433";"1";"Kettlebell Vinilo Acero 20Kg";"2";"1";"KVA20";"https://pesaschile.cl/2/img/p/1/2/5/7/1257-thickbox_default.jpg"
"434";"1";"Piso caucho alto trafico 15mm";"8";"1";"PC15";"https://pesaschile.cl/2/img/p/1/1/5/7/1157-thickbox_default.jpg"
"434";"1";"Piso caucho alto trafico 15mm";"8";"1";"PC15";"https://pesaschile.cl/2/img/p/1/2/9/7/1297-thickbox_default.jpg"
"435";"1";"Remo Icarus-X HWM";"33";"1";"RHI";"https://pesaschile.cl/2/img/p/1/5/3/8/1538-thickbox_default.jpg"
"436";"1";"Air Bike HWM";"33";"1";"ABH";"https://pesaschile.cl/2/img/p/1/1/8/3/1183-thickbox_default.jpg"
"436";"1";"Air Bike HWM";"33";"1";"ABH";"https://pesaschile.cl/2/img/p/1/6/8/8/1688-thickbox_default.jpg"
"436";"1";"Air Bike HWM";"33";"1";"ABH";"https://pesaschile.cl/2/img/p/1/6/8/9/1689-thickbox_default.jpg"
"436";"1";"Air Bike HWM";"33";"1";"ABH";"https://pesaschile.cl/2/img/p/1/6/9/0/1690-thickbox_default.jpg"
"436";"1";"Air Bike HWM";"33";"1";"ABH";"https://pesaschile.cl/2/img/p/1/6/9/1/1691-thickbox_default.jpg"
"436";"1";"Air Bike HWM";"33";"1";"ABH";"https://pesaschile.cl/2/img/p/1/6/9/2/1692-thickbox_default.jpg"
"436";"1";"Air Bike HWM";"33";"1";"ABH";"https://pesaschile.cl/2/img/p/1/6/9/3/1693-thickbox_default.jpg"
"437";"0";"Elíptica Promachine";"34";"1";"EP";"https://pesaschile.cl/2/img/p/1/1/8/5/1185-thickbox_default.jpg"
"438";"1";"Ab Traps";"42";"1";"ABS";"https://pesaschile.cl/2/img/p/1/1/8/9/1189-thickbox_default.jpg"
"439";"1";"Rack Barra Pared Vertical HWM";"2";"1";"RBPV";"https://pesaschile.cl/2/img/p/1/4/0/6/1406-thickbox_default.jpg"
"444";"1";"Soporte Vertical Barras";"2";"1";"RBV";"https://pesaschile.cl/2/img/p/1/1/8/8/1188-thickbox_default.jpg"
"445";"0";"Pull Up/Dip bar";"42";"1";"PDB";"https://pesaschile.cl/2/img/p/1/2/0/5/1205-thickbox_default.jpg"
"446";"1";"Tabla de Escalada";"2";"1";"TE";"https://pesaschile.cl/2/img/p/1/4/0/8/1408-thickbox_default.jpg"
"446";"1";"Tabla de Escalada";"2";"1";"TE";"https://pesaschile.cl/2/img/p/1/4/0/9/1409-thickbox_default.jpg"
"447";"1";"Disco de Equilibrio Madera";"2";"1";"DEM";"https://pesaschile.cl/2/img/p/1/2/8/0/1280-thickbox_default.jpg"
"448";"1";"Disco de Equilibrio Plástico";"2";"1";"DEP";"https://pesaschile.cl/2/img/p/1/2/8/1/1281-thickbox_default.jpg"
"449";"1";"Pack Bandas Resistencia Corta";"8";"1";"PBCC";"https://pesaschile.cl/2/img/p/1/3/1/5/1315-thickbox_default.jpg"
"449";"1";"Pack Bandas Resistencia Corta";"8";"1";"PBCC";"https://pesaschile.cl/2/img/p/1/3/6/8/1368-thickbox_default.jpg"
"450";"1";"Cajón Pliométrico";"33";"1";"CP";"https://pesaschile.cl/2/img/p/1/4/1/3/1413-thickbox_default.jpg"
"451";"1";"Trotadora Obelix GT5";"34";"1";"TGT5";"https://pesaschile.cl/2/img/p/1/6/6/9/1669-thickbox_default.jpg"
"451";"1";"Trotadora Obelix GT5";"34";"1";"TGT5";"https://pesaschile.cl/2/img/p/1/6/7/0/1670-thickbox_default.jpg"
"451";"1";"Trotadora Obelix GT5";"34";"1";"TGT5";"https://pesaschile.cl/2/img/p/1/6/7/1/1671-thickbox_default.jpg"
"451";"1";"Trotadora Obelix GT5";"34";"1";"TGT5";"https://pesaschile.cl/2/img/p/1/6/7/2/1672-thickbox_default.jpg"
"451";"1";"Trotadora Obelix GT5";"34";"1";"TGT5";"https://pesaschile.cl/2/img/p/1/6/7/3/1673-thickbox_default.jpg"
"451";"1";"Trotadora Obelix GT5";"34";"1";"TGT5";"https://pesaschile.cl/2/img/p/1/6/7/4/1674-thickbox_default.jpg"
"451";"1";"Trotadora Obelix GT5";"34";"1";"TGT5";"https://pesaschile.cl/2/img/p/1/6/7/5/1675-thickbox_default.jpg"
"451";"1";"Trotadora Obelix GT5";"34";"1";"TGT5";"https://pesaschile.cl/2/img/p/1/6/7/6/1676-thickbox_default.jpg"
"451";"1";"Trotadora Obelix GT5";"34";"1";"TGT5";"https://pesaschile.cl/2/img/p/1/6/7/7/1677-thickbox_default.jpg"
"452";"1";"Set Discos Fraccionales";"18";"1";"";"https://pesaschile.cl/2/img/p/1/2/0/9/1209-thickbox_default.jpg"
"453";"1";"Par D.Fraccional 0.5kg";"2";"1";"DOF005";"https://pesaschile.cl/2/img/p/1/2/4/4/1244-thickbox_default.jpg"
"454";"1";"Par D.Fraccional 1kg";"2";"1";"DOF01";"https://pesaschile.cl/2/img/p/1/2/4/5/1245-thickbox_default.jpg"
"455";"1";"Par D.Fraccional 1.5kg";"2";"1";"DOF015";"https://pesaschile.cl/2/img/p/1/2/4/6/1246-thickbox_default.jpg"
"456";"1";"Par D.Fraccional 2kg";"2";"1";"DOF02";"https://pesaschile.cl/2/img/p/1/2/4/7/1247-thickbox_default.jpg"
"457";"1";"SET RACK + 20 BODY PUMP";"46";"1";"SBPR";"https://pesaschile.cl/2/img/p/1/6/4/0/1640-thickbox_default.jpg"
"458";"1";"Pack 25 Set Body Pump";"46";"1";"";"https://pesaschile.cl/2/img/p/1/2/2/3/1223-thickbox_default.jpg"
"459";"0";"Pack 10 D. Acero 20 kg Olimpico";"46";"1";"";"https://pesaschile.cl/2/img/p/1/2/2/6/1226-thickbox_default.jpg"
"460";"0";"Pack 20 D. Acero 10 kg Olimpico";"46";"1";"";"https://pesaschile.cl/2/img/p/1/2/2/7/1227-thickbox_default.jpg"
"461";"0";"Pack 40 D. Acero 5 kg Olimpico";"46";"1";"";"https://pesaschile.cl/2/img/p/1/2/2/8/1228-thickbox_default.jpg"
"462";"0";"Pack 10 D. Promachine 20 kg Olimpico";"46";"1";"";"https://pesaschile.cl/2/img/p/1/2/2/9/1229-thickbox_default.jpg"
"463";"0";"Pack 10 D. Promachine 15 kg Olimpico";"46";"1";"";"https://pesaschile.cl/2/img/p/1/2/3/0/1230-thickbox_default.jpg"
"464";"0";"Pack 20 D. Promachine 10 kg Olimpico";"46";"1";"";"https://pesaschile.cl/2/img/p/1/2/3/1/1231-thickbox_default.jpg"
"465";"0";"Pack 40 D. Promachine 5 kg Olimpico";"46";"1";"";"https://pesaschile.cl/2/img/p/1/2/3/2/1232-thickbox_default.jpg"
"466";"0";"Pack 10 D. Engomados 20 kg Olimpicos";"46";"1";"";"https://pesaschile.cl/2/img/p/1/2/3/3/1233-thickbox_default.jpg"
"467";"0";"Pack 10 D. Engomados 15 kg Olimpicos";"46";"1";"";"https://pesaschile.cl/2/img/p/1/2/3/4/1234-thickbox_default.jpg"
"468";"0";"Pack 20 D. Engomados 10 kg Olimpicos";"46";"1";"";"https://pesaschile.cl/2/img/p/1/2/3/5/1235-thickbox_default.jpg"
"469";"0";"Pack 40 D. Engomados 5 kg Olimpicos";"46";"1";"";"https://pesaschile.cl/2/img/p/1/2/3/6/1236-thickbox_default.jpg"
"470";"1";"Máquina Abductor / Aductor V8";"55";"1";"V8-516";"https://pesaschile.cl/2/img/p/1/2/1/0/1210-thickbox_default.jpg"
"471";"1";"Máquina Extensión de Cuadriceps V8";"55";"1";"V8-510";"https://pesaschile.cl/2/img/p/1/4/9/0/1490-thickbox_default.jpg"
"472";"1";"Máquina Curl de Femoral Sentado V8";"55";"1";"V8-505";"https://pesaschile.cl/2/img/p/1/2/1/2/1212-thickbox_default.jpg"
"473";"1";"Máquina Glúteo Aislado V8";"55";"1";"V8-520";"https://pesaschile.cl/2/img/p/1/2/1/3/1213-thickbox_default.jpg"
"474";"1";"Máquina Abdominal V8";"55";"1";"V8-511";"https://pesaschile.cl/2/img/p/1/2/1/4/1214-thickbox_default.jpg"
"475";"1";"Máquina Dorsales V8";"55";"1";"V8-501";"https://pesaschile.cl/2/img/p/1/2/1/5/1215-thickbox_default.jpg"
"476";"1";"Máquina Press de Hombro T8";"55";"1";"T8-605";"https://pesaschile.cl/2/img/p/1/2/1/6/1216-thickbox_default.jpg"
"477";"1";"Máquina Press de Pectoral T8";"55";"1";"T8-604";"https://pesaschile.cl/2/img/p/1/2/1/7/1217-thickbox_default.jpg"
"478";"1";"Máquina Remo Sentado T8";"55";"1";"T8-603";"https://pesaschile.cl/2/img/p/1/2/1/8/1218-thickbox_default.jpg"
"479";"1";"Máquina Dorsales T8";"55";"1";"T8-606";"https://pesaschile.cl/2/img/p/1/2/1/9/1219-thickbox_default.jpg"
"480";"1";"Pack discos Olímpicos engomados Promachine";"46";"1";"PDOP";"https://pesaschile.cl/2/img/p/1/2/3/8/1238-thickbox_default.jpg"
"481";"0";"Pantorrillera 2.0 Promachine";"2";"1";"";""
"483";"1";"Par D.Fraccional 2.5kg";"2";"1";"DOF025";"https://pesaschile.cl/2/img/p/1/2/4/9/1249-thickbox_default.jpg"
"484";"0";"Pack Fit Home Inicio";"38";"1";"PHF";"https://pesaschile.cl/2/img/p/1/2/5/0/1250-thickbox_default.jpg"
"485";"0";"Pack Fit Home Avanzado";"38";"1";"PHA";"https://pesaschile.cl/2/img/p/1/2/5/1/1251-thickbox_default.jpg"
"486";"0";"Pack Fit Home Full";"38";"1";"PHFF";"https://pesaschile.cl/2/img/p/1/2/5/2/1252-thickbox_default.jpg"
"487";"1";"Rodillera Mac David";"12";"1";"";"https://pesaschile.cl/2/img/p/1/2/5/3/1253-thickbox_default.jpg"
"488";"1";"Toma Barra Corta";"8";"1";"TBC";"https://pesaschile.cl/2/img/p/1/2/5/5/1255-thickbox_default.jpg"
"490";"1";"Par Crumb Bumper 10LB";"23";"1";"DOC10";"https://pesaschile.cl/2/img/p/1/3/0/0/1300-thickbox_default.jpg"
"490";"1";"Par Crumb Bumper 10LB";"23";"1";"DOC10";"https://pesaschile.cl/2/img/p/1/3/0/1/1301-thickbox_default.jpg"
"503";"1";"Par Crumb Bumper 25LB";"2";"1";"DOC25";"https://pesaschile.cl/2/img/p/1/3/0/2/1302-thickbox_default.jpg"
"503";"1";"Par Crumb Bumper 25LB";"2";"1";"DOC25";"https://pesaschile.cl/2/img/p/1/3/0/3/1303-thickbox_default.jpg"
"504";"1";"Par Crumb Bumper 15LB";"2";"1";"DOC15";"https://pesaschile.cl/2/img/p/1/3/0/9/1309-thickbox_default.jpg"
"504";"1";"Par Crumb Bumper 15LB";"2";"1";"DOC15";"https://pesaschile.cl/2/img/p/1/3/1/0/1310-thickbox_default.jpg"
"505";"1";"Par Crumb Bumper 35LB";"2";"1";"DOC35";"https://pesaschile.cl/2/img/p/1/3/0/4/1304-thickbox_default.jpg"
"505";"1";"Par Crumb Bumper 35LB";"2";"1";"DOC35";"https://pesaschile.cl/2/img/p/1/3/0/5/1305-thickbox_default.jpg"
"506";"0";"Par Crumb Bumper 45LB";"2";"1";"DOC45";"https://pesaschile.cl/2/img/p/1/3/0/6/1306-thickbox_default.jpg"
"506";"0";"Par Crumb Bumper 45LB";"2";"1";"DOC45";"https://pesaschile.cl/2/img/p/1/3/0/7/1307-thickbox_default.jpg"
"507";"1";"Pack 260LB Crumb Bumper";"61";"1";"POC260";"https://pesaschile.cl/2/img/p/1/3/1/1/1311-thickbox_default.jpg"
"508";"1";"Pack 170LB Crumb Bumper";"61";"1";"POC170";"https://pesaschile.cl/2/img/p/1/2/9/4/1294-thickbox_default.jpg"
"508";"1";"Pack 170LB Crumb Bumper";"61";"1";"POC170";"https://pesaschile.cl/2/img/p/1/3/0/8/1308-thickbox_default.jpg"
"509";"1";"Banco Abdominal MO";"2";"1";"MO-700";"https://pesaschile.cl/2/img/p/1/6/3/2/1632-thickbox_default.jpg"
"510";"1";"T - Rowing MO";"55";"1";"MO-3120";"https://pesaschile.cl/2/img/p/1/6/3/3/1633-thickbox_default.jpg"
"511";"1";"Prensa Horizontal MO";"55";"1";"MO-5500";"https://pesaschile.cl/2/img/p/1/7/4/6/1746-thickbox_default.jpg"
"512";"1";"Smith MO";"55";"1";"MO-6200";"https://pesaschile.cl/2/img/p/1/6/3/5/1635-thickbox_default.jpg"
"513";"1";"Jaula de Potencia MO";"55";"1";"MO-6100";"https://pesaschile.cl/2/img/p/1/6/3/6/1636-thickbox_default.jpg"
"514";"1";"Polea Alta MO";"55";"1";"MO-3500";"https://pesaschile.cl/2/img/p/1/7/4/2/1742-thickbox_default.jpg"
"515";"1";"Set 4 Cajones Pliométricos";"2";"1";"CP4";"https://pesaschile.cl/2/img/p/1/3/7/1/1371-thickbox_default.jpg"
"515";"1";"Set 4 Cajones Pliométricos";"2";"1";"CP4";"https://pesaschile.cl/2/img/p/1/3/7/2/1372-thickbox_default.jpg"
"516";"1";"Tape Kinesiológico";"35";"1";"BKT";"https://pesaschile.cl/2/img/p/1/5/4/4/1544-thickbox_default.jpg"
"517";"1";"Barra Técnica 7.5kg";"31";"1";"BTA";"https://pesaschile.cl/2/img/p/1/4/7/4/1474-thickbox_default.jpg"
"517";"1";"Barra Técnica 7.5kg";"31";"1";"BTA";"https://pesaschile.cl/2/img/p/1/4/7/5/1475-thickbox_default.jpg"
"517";"1";"Barra Técnica 7.5kg";"31";"1";"BTA";"https://pesaschile.cl/2/img/p/1/5/3/4/1534-thickbox_default.jpg"
"517";"1";"Barra Técnica 7.5kg";"31";"1";"BTA";"https://pesaschile.cl/2/img/p/1/5/3/5/1535-thickbox_default.jpg"
"517";"1";"Barra Técnica 7.5kg";"31";"1";"BTA";"https://pesaschile.cl/2/img/p/1/5/6/9/1569-thickbox_default.jpg"
"517";"1";"Barra Técnica 7.5kg";"31";"1";"BTA";"https://pesaschile.cl/2/img/p/1/5/7/0/1570-thickbox_default.jpg"
"518";"1";"Barra Training Serie 15kg HWM";"2";"1";"BORT15";"https://pesaschile.cl/2/img/p/1/5/2/9/1529-thickbox_default.jpg"
"518";"1";"Barra Training Serie 15kg HWM";"2";"1";"BORT15";"https://pesaschile.cl/2/img/p/1/5/3/0/1530-thickbox_default.jpg"
"518";"1";"Barra Training Serie 15kg HWM";"2";"1";"BORT15";"https://pesaschile.cl/2/img/p/1/5/3/1/1531-thickbox_default.jpg"
"518";"1";"Barra Training Serie 15kg HWM";"2";"1";"BORT15";"https://pesaschile.cl/2/img/p/1/5/6/0/1560-thickbox_default.jpg"
"518";"1";"Barra Training Serie 15kg HWM";"2";"1";"BORT15";"https://pesaschile.cl/2/img/p/1/5/6/1/1561-thickbox_default.jpg"
"518";"1";"Barra Training Serie 15kg HWM";"2";"1";"BORT15";"https://pesaschile.cl/2/img/p/1/5/6/2/1562-thickbox_default.jpg"
"519";"1";"Maletin York 20kg";"21";"1";"PMY";"https://pesaschile.cl/2/img/p/1/5/4/6/1546-thickbox_default.jpg"
"519";"1";"Maletin York 20kg";"21";"1";"PMY";"https://pesaschile.cl/2/img/p/1/7/9/3/1793-thickbox_default.jpg"
"520";"1";"PACK BANQUILLO+ MALETIN YORK";"46";"1";"PBO";"https://pesaschile.cl/2/img/p/1/7/9/4/1794-thickbox_default.jpg"
"523";"1";"Pack Crumb Elite HWM";"18";"1";"PDOCE";"https://pesaschile.cl/2/img/p/1/3/4/6/1346-thickbox_default.jpg"
"524";"0";"Barra Training HWM + 170LB";"2";"1";"-";""
"525";"1";"Pack Acero Vinilo Light";"46";"1";"PKAL";"https://pesaschile.cl/2/img/p/1/3/6/6/1366-thickbox_default.jpg"
"526";"0";"Pack Sentadillas";"32";"1";"PS";"https://pesaschile.cl/2/img/p/1/3/4/8/1348-thickbox_default.jpg"
"527";"1";"Tenazas Olímpicas";"141";"1";"TPO";"https://pesaschile.cl/2/img/p/1/3/6/4/1364-thickbox_default.jpg"
"528";"1";"Tenazas Preolimpicas";"8";"1";"TPP";"https://pesaschile.cl/2/img/p/1/3/6/3/1363-thickbox_default.jpg"
"529";"1";"prueba";"2";"1";"";""
"530";"1";"Discos Barbell 3 kg X 2UN";"2";"1";"DPB03";"https://pesaschile.cl/2/img/p/1/4/5/0/1450-thickbox_default.jpg"
"531";"1";"CINTURON LUMBAR PROMACHINE S";"8";"1";"CLPS";"https://pesaschile.cl/2/img/p/1/3/9/1/1391-thickbox_default.jpg"
"531";"1";"CINTURON LUMBAR PROMACHINE S";"8";"1";"CLPS";"https://pesaschile.cl/2/img/p/1/3/9/2/1392-thickbox_default.jpg"
"532";"1";"CINTURON LUMBAR PROMACHINE M";"8";"1";"CLPM";"https://pesaschile.cl/2/img/p/1/3/8/9/1389-thickbox_default.jpg"
"532";"1";"CINTURON LUMBAR PROMACHINE M";"8";"1";"CLPM";"https://pesaschile.cl/2/img/p/1/3/9/0/1390-thickbox_default.jpg"
"533";"1";"CINTURON LUMBAR PROMACHINE L";"8";"1";"CLPL";"https://pesaschile.cl/2/img/p/1/3/8/7/1387-thickbox_default.jpg"
"533";"1";"CINTURON LUMBAR PROMACHINE L";"8";"1";"CLPL";"https://pesaschile.cl/2/img/p/1/3/8/8/1388-thickbox_default.jpg"
"534";"1";"CINTURÓN LUMBAR PROMACHINE ROSADO";"141";"1";"CLPSR";"https://pesaschile.cl/2/img/p/1/3/8/5/1385-thickbox_default.jpg"
"534";"1";"CINTURÓN LUMBAR PROMACHINE ROSADO";"141";"1";"CLPSR";"https://pesaschile.cl/2/img/p/1/3/8/6/1386-thickbox_default.jpg"
"535";"1";"BARRA MULTIAGARRE";"31";"1";"BMA";"https://pesaschile.cl/2/img/p/1/3/7/5/1375-thickbox_default.jpg"
"535";"1";"BARRA MULTIAGARRE";"31";"1";"BMA";"https://pesaschile.cl/2/img/p/1/3/7/6/1376-thickbox_default.jpg"
"536";"1";"BARRA LOG";"2";"1";"BL";"https://pesaschile.cl/2/img/p/1/3/7/3/1373-thickbox_default.jpg"
"536";"1";"BARRA LOG";"2";"1";"BL";"https://pesaschile.cl/2/img/p/1/3/7/4/1374-thickbox_default.jpg"
"537";"1";"MÁSCARA DE ENTRENAMIENTO";"8";"1";"ME";"https://pesaschile.cl/2/img/p/1/3/8/0/1380-thickbox_default.jpg"
"537";"1";"MÁSCARA DE ENTRENAMIENTO";"8";"1";"ME";"https://pesaschile.cl/2/img/p/1/3/8/1/1381-thickbox_default.jpg"
"538";"1";"HIP THRUST PROMACHINE";"13";"1";"MHT";"https://pesaschile.cl/2/img/p/1/3/7/7/1377-thickbox_default.jpg"
"538";"1";"HIP THRUST PROMACHINE";"13";"1";"MHT";"https://pesaschile.cl/2/img/p/1/3/7/8/1378-thickbox_default.jpg"
"538";"1";"HIP THRUST PROMACHINE";"13";"1";"MHT";"https://pesaschile.cl/2/img/p/1/3/7/9/1379-thickbox_default.jpg"
"539";"0";"SET PISO GOMA EVA 64X64";"13";"1";"PDE";"https://pesaschile.cl/2/img/p/1/3/8/2/1382-thickbox_default.jpg"
"539";"0";"SET PISO GOMA EVA 64X64";"13";"1";"PDE";"https://pesaschile.cl/2/img/p/1/3/8/3/1383-thickbox_default.jpg"
"539";"0";"SET PISO GOMA EVA 64X64";"13";"1";"PDE";"https://pesaschile.cl/2/img/p/1/3/8/4/1384-thickbox_default.jpg"
"540";"1";"PAR RODILLERA FULL FIT S";"41";"1";"FIRFS";"https://pesaschile.cl/2/img/p/1/3/9/3/1393-thickbox_default.jpg"
"541";"1";"PAR RODILLERA FULL FIT M";"41";"1";"FIRFM";"https://pesaschile.cl/2/img/p/1/3/9/4/1394-thickbox_default.jpg"
"542";"1";"PAR RODILLERA FULL FIT L";"32";"1";"FIRFL";"https://pesaschile.cl/2/img/p/1/3/9/5/1395-thickbox_default.jpg"
"543";"1";"PAR PESO MUÑ/TOB 2 KG PROMACHINE";"2";"1";"PM02P";"https://pesaschile.cl/2/img/p/1/3/9/9/1399-thickbox_default.jpg"
"543";"1";"PAR PESO MUÑ/TOB 2 KG PROMACHINE";"2";"1";"PM02P";"https://pesaschile.cl/2/img/p/1/4/0/0/1400-thickbox_default.jpg"
"544";"1";"PAR PESO MUÑ/TOB 1.5 KG PROMACHINE";"2";"1";"PM015P";"https://pesaschile.cl/2/img/p/1/3/9/7/1397-thickbox_default.jpg"
"544";"1";"PAR PESO MUÑ/TOB 1.5 KG PROMACHINE";"2";"1";"PM015P";"https://pesaschile.cl/2/img/p/1/3/9/8/1398-thickbox_default.jpg"
"545";"1";"PAR PESO MUÑ/TOB 2.5 KG PROMACHINE";"2";"1";"PM025P";"https://pesaschile.cl/2/img/p/1/4/0/1/1401-thickbox_default.jpg"
"545";"1";"PAR PESO MUÑ/TOB 2.5 KG PROMACHINE";"2";"1";"PM025P";"https://pesaschile.cl/2/img/p/1/4/0/2/1402-thickbox_default.jpg"
"546";"1";"TOBILLERA PARA POLEA";"8";"1";"TP";"https://pesaschile.cl/2/img/p/1/3/9/6/1396-thickbox_default.jpg"
"549";"1";"Trotadora Obelix GT7";"34";"1";"TGT7";"https://pesaschile.cl/2/img/p/1/6/5/8/1658-thickbox_default.jpg"
"549";"1";"Trotadora Obelix GT7";"34";"1";"TGT7";"https://pesaschile.cl/2/img/p/1/6/5/9/1659-thickbox_default.jpg"
"549";"1";"Trotadora Obelix GT7";"34";"1";"TGT7";"https://pesaschile.cl/2/img/p/1/6/6/0/1660-thickbox_default.jpg"
"549";"1";"Trotadora Obelix GT7";"34";"1";"TGT7";"https://pesaschile.cl/2/img/p/1/6/6/1/1661-thickbox_default.jpg"
"549";"1";"Trotadora Obelix GT7";"34";"1";"TGT7";"https://pesaschile.cl/2/img/p/1/6/6/2/1662-thickbox_default.jpg"
"549";"1";"Trotadora Obelix GT7";"34";"1";"TGT7";"https://pesaschile.cl/2/img/p/1/6/6/3/1663-thickbox_default.jpg"
"549";"1";"Trotadora Obelix GT7";"34";"1";"TGT7";"https://pesaschile.cl/2/img/p/1/6/6/4/1664-thickbox_default.jpg"
"549";"1";"Trotadora Obelix GT7";"34";"1";"TGT7";"https://pesaschile.cl/2/img/p/1/6/6/5/1665-thickbox_default.jpg"
"549";"1";"Trotadora Obelix GT7";"34";"1";"TGT7";"https://pesaschile.cl/2/img/p/1/6/6/6/1666-thickbox_default.jpg"
"549";"1";"Trotadora Obelix GT7";"34";"1";"TGT7";"https://pesaschile.cl/2/img/p/1/6/6/7/1667-thickbox_default.jpg"
"549";"1";"Trotadora Obelix GT7";"34";"1";"TGT7";"https://pesaschile.cl/2/img/p/1/6/6/8/1668-thickbox_default.jpg"
"550";"1";"Pack Olímpico Engomados con Barra";"46";"1";"PEBC";"https://pesaschile.cl/2/img/p/1/4/1/7/1417-thickbox_default.jpg"
"551";"1";"Power Pro Pack Engomado";"13";"1";"PPPEC";"https://pesaschile.cl/2/img/p/1/7/2/9/1729-thickbox_default.jpg"
"552";"1";"Pack Smith Machine + banquillo + Engomados Color";"13";"1";"PSBEC";"https://pesaschile.cl/2/img/p/1/4/1/9/1419-thickbox_default.jpg"
"553";"1";"Coderas McDavid";"13";"1";"";"https://pesaschile.cl/2/img/p/1/4/2/1/1421-thickbox_default.jpg"
"553";"1";"Coderas McDavid";"13";"1";"";"https://pesaschile.cl/2/img/p/1/4/2/2/1422-thickbox_default.jpg"
"554";"1";"Barra Preolímpica 2,2m";"37";"1";"BPR220";"https://pesaschile.cl/2/img/p/1/4/2/5/1425-thickbox_default.jpg"
"555";"1";"PAR DISCO PREOLIMPICO ENGOMADO 1,25 KG";"2";"1";"DPE0125";"https://pesaschile.cl/2/img/p/1/4/2/6/1426-thickbox_default.jpg"
"556";"1";"PAR DISCO PREOLIMPICO ENGOMADO 2,5 KG";"2";"1";"DPE025";"https://pesaschile.cl/2/img/p/1/4/2/7/1427-thickbox_default.jpg"
"557";"1";"PAR DISCO PREOLIMPICO ENGOMADO 5 KG";"2";"1";"DPE05";"https://pesaschile.cl/2/img/p/1/4/2/8/1428-thickbox_default.jpg"
"558";"1";"PAR DISCO PREOLIMPICO ENGOMADO 10 KG";"2";"1";"DPE10";"https://pesaschile.cl/2/img/p/1/4/2/9/1429-thickbox_default.jpg"
"559";"1";"PAR DISCO PREOLIMPICO ENGOMADO 15 KG";"2";"1";"DPE15";"https://pesaschile.cl/2/img/p/1/4/3/0/1430-thickbox_default.jpg"
"560";"1";"PAR DISCO PREOLIMPICO ENGOMADO 20 KG";"2";"1";"DPE20";"https://pesaschile.cl/2/img/p/1/4/3/1/1431-thickbox_default.jpg"
"561";"1";"PACK DISCOS PREOLIMPICOS ENGOMADOS";"38";"1";"PDPE";"https://pesaschile.cl/2/img/p/1/4/3/2/1432-thickbox_default.jpg"
"562";"1";"Multi Estación Fija HWM";"2";"1";"HWM2811";"https://pesaschile.cl/2/img/p/1/4/6/6/1466-thickbox_default.jpg"
"563";"1";"Banco Plano Black HWM";"13";"1";"HWM012";"https://pesaschile.cl/2/img/p/1/4/6/5/1465-thickbox_default.jpg"
"564";"1";"Pull Up Pared HWM";"2";"1";"HWM011";"https://pesaschile.cl/2/img/p/1/4/4/7/1447-thickbox_default.jpg"
"565";"1";"Media Jaula Black HWM";"13";"1";"HWM181";"https://pesaschile.cl/2/img/p/1/4/6/7/1467-thickbox_default.jpg"
"565";"1";"Media Jaula Black HWM";"13";"1";"HWM181";"https://pesaschile.cl/2/img/p/1/4/6/8/1468-thickbox_default.jpg"
"565";"1";"Media Jaula Black HWM";"13";"1";"HWM181";"https://pesaschile.cl/2/img/p/1/4/6/9/1469-thickbox_default.jpg"
"566";"1";"Maquina Abdominal / Fondo Pared PROmachine";"2";"1";"PM087";"https://pesaschile.cl/2/img/p/1/4/4/5/1445-thickbox_default.jpg"
"567";"1";"Banco Inclinable / Declinable PROmachine ECO";"13";"1";"PM011";"https://pesaschile.cl/2/img/p/1/4/6/4/1464-thickbox_default.jpg"
"568";"1";"Banco Inclinable / Declinable PROmachine 2.0";"13";"1";"PM057";"https://pesaschile.cl/2/img/p/1/4/4/3/1443-thickbox_default.jpg"
"569";"1";"Máquina Sissy Promachine";"13";"1";"PM105";"https://pesaschile.cl/2/img/p/1/7/4/1/1741-thickbox_default.jpg"
"570";"1";"Banco Lumbar PROmachine";"2";"1";"PM1041";"https://pesaschile.cl/2/img/p/1/4/6/2/1462-thickbox_default.jpg"
"570";"1";"Banco Lumbar PROmachine";"2";"1";"PM1041";"https://pesaschile.cl/2/img/p/1/4/6/3/1463-thickbox_default.jpg"
"571";"1";"Multi Press / Dominadas PROmachine";"13";"1";"PM012";"https://pesaschile.cl/2/img/p/1/4/7/7/1477-thickbox_default.jpg"
"572";"1";"Banco Abdominal Home PROmachine";"2";"1";"PM381";"https://pesaschile.cl/2/img/p/1/4/7/1/1471-thickbox_default.jpg"
"572";"1";"Banco Abdominal Home PROmachine";"2";"1";"PM381";"https://pesaschile.cl/2/img/p/1/4/7/2/1472-thickbox_default.jpg"
"573";"1";"Máquina Press de Hombro V8";"55";"1";"V8-502";"https://pesaschile.cl/2/img/p/1/4/7/8/1478-thickbox_default.jpg"
"574";"1";"Máquina Press de Pectoral V8";"55";"1";"V8-504";"https://pesaschile.cl/2/img/p/1/4/7/9/1479-thickbox_default.jpg"
"575";"1";"Máquina Curl de Biceps V8";"55";"1";"V8-506";"https://pesaschile.cl/2/img/p/1/4/8/0/1480-thickbox_default.jpg"
"576";"1";"Máquina Remo Sentado V8";"55";"1";"V8-507";"https://pesaschile.cl/2/img/p/1/4/8/1/1481-thickbox_default.jpg"
"577";"1";"Máquina Press de Triceps V8";"55";"1";"V8-508";"https://pesaschile.cl/2/img/p/1/4/8/2/1482-thickbox_default.jpg"
"578";"1";"Máquina Prensa Horizontal V8";"55";"1";"V8-509";"https://pesaschile.cl/2/img/p/1/4/8/7/1487-thickbox_default.jpg"
"579";"1";"Máquina Curl Femoral Acostado V8";"55";"1";"V8-514";"https://pesaschile.cl/2/img/p/1/4/8/8/1488-thickbox_default.jpg"
"580";"1";"Máquina Dominada/Fondo Asistida V8";"55";"1";"V8-517";"https://pesaschile.cl/2/img/p/1/4/8/9/1489-thickbox_default.jpg"
"581";"1";"Aperturas V8";"55";"1";"V8-519";"https://pesaschile.cl/2/img/p/1/4/8/3/1483-thickbox_default.jpg"
"582";"1";"Máquina Polea Alta V8";"55";"1";"V8-522";"https://pesaschile.cl/2/img/p/1/4/8/4/1484-thickbox_default.jpg"
"583";"1";"Máquina Remo Bajo V8";"55";"1";"V8-523";"https://pesaschile.cl/2/img/p/1/4/9/2/1492-thickbox_default.jpg"
"584";"1";"Banco Abdominal V8";"55";"1";"V8-101";"https://pesaschile.cl/2/img/p/1/4/9/3/1493-thickbox_default.jpg"
"585";"1";"Banco Inclinable / Declinable V8";"55";"1";"V8-102";"https://pesaschile.cl/2/img/p/1/4/9/4/1494-thickbox_default.jpg"
"586";"1";"Banco Scott V8";"55";"1";"V8-103";"https://pesaschile.cl/2/img/p/1/4/9/5/1495-thickbox_default.jpg"
"587";"1";"Press Banco Plano V8";"55";"1";"V8-104";"https://pesaschile.cl/2/img/p/1/4/9/6/1496-thickbox_default.jpg"
"588";"1";"Press Banco Inclinado V8";"55";"1";"V8-105";"https://pesaschile.cl/2/img/p/1/4/9/7/1497-thickbox_default.jpg"
"589";"1";"ATRIL DE SENTADILLAS V8";"55";"1";"V8-108";"https://pesaschile.cl/2/img/p/1/4/9/8/1498-thickbox_default.jpg"
"590";"1";"Banco Plano V8";"55";"1";"V8-202";"https://pesaschile.cl/2/img/p/1/4/9/9/1499-thickbox_default.jpg"
"591";"1";"Máquina Elevación Rodillas / Fondo V8";"55";"1";"V8-301";"https://pesaschile.cl/2/img/p/1/5/0/0/1500-thickbox_default.jpg"
"592";"1";"Pantorrillera V8";"55";"1";"V8-302";"https://pesaschile.cl/2/img/p/1/5/0/1/1501-thickbox_default.jpg"
"592";"1";"Pantorrillera V8";"55";"1";"V8-302";"https://pesaschile.cl/2/img/p/1/7/9/2/1792-thickbox_default.jpg"
"593";"1";"Banco Lumbar V8";"55";"1";"V8-303";"https://pesaschile.cl/2/img/p/1/5/0/2/1502-thickbox_default.jpg"
"594";"1";"Máquina Smith V8";"55";"1";"V8-518";"https://pesaschile.cl/2/img/p/1/4/9/1/1491-thickbox_default.jpg"
"595";"1";"Multi Estación Funcional V8";"55";"1";"V8-512";"https://pesaschile.cl/2/img/p/1/4/8/5/1485-thickbox_default.jpg"
"596";"1";"Polea Cruzada V8";"55";"1";"V8-513";"https://pesaschile.cl/2/img/p/1/4/8/6/1486-thickbox_default.jpg"
"597";"1";"Prensa Inclinada 45° T8";"55";"1";"T8-609";"https://pesaschile.cl/2/img/p/1/5/0/3/1503-thickbox_default.jpg"
"598";"1";"SANDBAG 5KG";"2";"1";"SB05";"https://pesaschile.cl/2/img/p/1/6/4/3/1643-thickbox_default.jpg"
"599";"1";"Atril de Sentadillas JR";"13";"1";"RA033J";"https://pesaschile.cl/2/img/p/1/5/0/9/1509-thickbox_default.jpg"
"600";"1";"Jaula de Potencia JR";"2";"1";"PK001J";"https://pesaschile.cl/2/img/p/1/5/1/0/1510-thickbox_default.jpg"
"601";"1";"Polea Alta Remo JR";"2";"1";"PM020J";"https://pesaschile.cl/2/img/p/1/5/1/2/1512-thickbox_default.jpg"
"602";"1";"Elíptica Obelix";"55";"1";"EPO";"https://pesaschile.cl/2/img/p/1/5/3/6/1536-thickbox_default.jpg"
"602";"1";"Elíptica Obelix";"55";"1";"EPO";"https://pesaschile.cl/2/img/p/1/6/8/6/1686-thickbox_default.jpg"
"602";"1";"Elíptica Obelix";"55";"1";"EPO";"https://pesaschile.cl/2/img/p/1/6/8/7/1687-thickbox_default.jpg"
"604";"1";"Bicicleta Magnética Obelix";"55";"1";"BPO";"https://pesaschile.cl/2/img/p/1/5/3/7/1537-thickbox_default.jpg"
"609";"1";"Pack Power Black";"46";"1";"PPB";"https://pesaschile.cl/2/img/p/1/5/7/3/1573-thickbox_default.jpg"
"612";"1";"Botella Shaker 0.6 Lts";"33";"1";"BS";"https://pesaschile.cl/2/img/p/1/5/7/2/1572-thickbox_default.jpg"
"613";"1";"Pack discos Olímpicos engomados";"46";"1";"PE";"https://pesaschile.cl/2/img/p/1/6/4/5/1645-thickbox_default.jpg"
"614";"1";"Curl Femoral Acostado MO";"55";"1";"MO-5720";"https://pesaschile.cl/2/img/p/1/7/4/8/1748-thickbox_default.jpg"
"615";"1";"Extensión de Tríceps MO";"55";"1";"MO-2630";"https://pesaschile.cl/2/img/p/1/7/4/7/1747-thickbox_default.jpg"
"616";"1";"Curl de Bíceps MO";"55";"1";"MO-2500";"https://pesaschile.cl/2/img/p/1/5/8/4/1584-thickbox_default.jpg"
"617";"1";"Remo Bajo MO";"55";"1";"MO-3600";"https://pesaschile.cl/2/img/p/1/5/8/5/1585-thickbox_default.jpg"
"618";"1";"Remo Sentado MO";"55";"1";"MO-3620";"https://pesaschile.cl/2/img/p/1/5/8/6/1586-thickbox_default.jpg"
"619";"1";"Banco Vertical MO";"55";"1";"MO-550";"https://pesaschile.cl/2/img/p/1/6/1/9/1619-thickbox_default.jpg"
"620";"1";"Press Banco Declinado MO";"55";"1";"MO-4300";"https://pesaschile.cl/2/img/p/1/6/1/8/1618-thickbox_default.jpg"
"621";"1";"Elevación Rodillas / Fondo MO";"55";"1";"MO-800";"https://pesaschile.cl/2/img/p/1/5/8/8/1588-thickbox_default.jpg"
"622";"1";"Press Banco Vertical MO";"55";"1";"MO-4400";"https://pesaschile.cl/2/img/p/1/5/8/9/1589-thickbox_default.jpg"
"623";"1";"Atril de Discos MO";"55";"1";"MO-100";"https://pesaschile.cl/2/img/p/1/5/9/0/1590-thickbox_default.jpg"
"624";"1";"Contractora de Pectoral MO";"55";"1";"MO-4700";"https://pesaschile.cl/2/img/p/1/5/7/9/1579-thickbox_default.jpg"
"626";"1";"Press de Pectoral MO";"55";"1";"MO-4500";"https://pesaschile.cl/2/img/p/1/5/8/0/1580-thickbox_default.jpg"
"627";"1";"Multi Estación MO";"2";"1";"MO-6700";"https://pesaschile.cl/2/img/p/1/5/8/1/1581-thickbox_default.jpg"
"628";"1";"Banco Lumbar MO";"55";"1";"MO-1200";"https://pesaschile.cl/2/img/p/1/7/7/7/1777-thickbox_default.jpg"
"629";"1";"SET Rack + Barras Peso Fijo OBELIX";"31";"1";"SRB";"https://pesaschile.cl/2/img/p/1/6/3/9/1639-thickbox_default.jpg"
"630";"1";"Peso Tobillo 5kg";"41";"1";"PT05";"https://pesaschile.cl/2/img/p/1/6/4/6/1646-thickbox_default.jpg"
"630";"1";"Peso Tobillo 5kg";"41";"1";"PT05";"https://pesaschile.cl/2/img/p/1/6/5/2/1652-thickbox_default.jpg"
"630";"1";"Peso Tobillo 5kg";"41";"1";"PT05";"https://pesaschile.cl/2/img/p/1/6/5/3/1653-thickbox_default.jpg"
"697";"1";"Bicicleta Ergométrica Obelix";"138";"1";"BPOA";"https://pesaschile.cl/2/img/p/1/6/7/8/1678-thickbox_default.jpg"
"697";"1";"Bicicleta Ergométrica Obelix";"138";"1";"BPOA";"https://pesaschile.cl/2/img/p/1/6/7/9/1679-thickbox_default.jpg"
"699";"1";"Elíptica PRO Obelix";"138";"1";"EPOA";"https://pesaschile.cl/2/img/p/1/6/5/4/1654-thickbox_default.jpg"
"703";"1";"Trotadora Obelix GT7 Touch";"34";"1";"TGT7T";"https://pesaschile.cl/2/img/p/1/6/5/5/1655-thickbox_default.jpg"
"703";"1";"Trotadora Obelix GT7 Touch";"34";"1";"TGT7T";"https://pesaschile.cl/2/img/p/1/6/5/6/1656-thickbox_default.jpg"
"703";"1";"Trotadora Obelix GT7 Touch";"34";"1";"TGT7T";"https://pesaschile.cl/2/img/p/1/6/5/7/1657-thickbox_default.jpg"
"703";"1";"Trotadora Obelix GT7 Touch";"34";"1";"TGT7T";"https://pesaschile.cl/2/img/p/1/6/8/0/1680-thickbox_default.jpg"
"703";"1";"Trotadora Obelix GT7 Touch";"34";"1";"TGT7T";"https://pesaschile.cl/2/img/p/1/6/8/1/1681-thickbox_default.jpg"
"703";"1";"Trotadora Obelix GT7 Touch";"34";"1";"TGT7T";"https://pesaschile.cl/2/img/p/1/6/8/2/1682-thickbox_default.jpg"
"703";"1";"Trotadora Obelix GT7 Touch";"34";"1";"TGT7T";"https://pesaschile.cl/2/img/p/1/6/8/3/1683-thickbox_default.jpg"
"703";"1";"Trotadora Obelix GT7 Touch";"34";"1";"TGT7T";"https://pesaschile.cl/2/img/p/1/6/8/4/1684-thickbox_default.jpg"
"703";"1";"Trotadora Obelix GT7 Touch";"34";"1";"TGT7T";"https://pesaschile.cl/2/img/p/1/6/8/5/1685-thickbox_default.jpg"
"704";"1";"Remo HWM";"33";"1";"RH";"https://pesaschile.cl/2/img/p/1/6/9/4/1694-thickbox_default.jpg"
"704";"1";"Remo HWM";"33";"1";"RH";"https://pesaschile.cl/2/img/p/1/6/9/5/1695-thickbox_default.jpg"
"704";"1";"Remo HWM";"33";"1";"RH";"https://pesaschile.cl/2/img/p/1/6/9/6/1696-thickbox_default.jpg"
"704";"1";"Remo HWM";"33";"1";"RH";"https://pesaschile.cl/2/img/p/1/6/9/7/1697-thickbox_default.jpg"
"704";"1";"Remo HWM";"33";"1";"RH";"https://pesaschile.cl/2/img/p/1/6/9/8/1698-thickbox_default.jpg"
"704";"1";"Remo HWM";"33";"1";"RH";"https://pesaschile.cl/2/img/p/1/6/9/9/1699-thickbox_default.jpg"
"704";"1";"Remo HWM";"33";"1";"RH";"https://pesaschile.cl/2/img/p/1/7/0/0/1700-thickbox_default.jpg"
"704";"1";"Remo HWM";"33";"1";"RH";"https://pesaschile.cl/2/img/p/1/7/0/1/1701-thickbox_default.jpg"
"704";"1";"Remo HWM";"33";"1";"RH";"https://pesaschile.cl/2/img/p/1/7/0/2/1702-thickbox_default.jpg"
"704";"1";"Remo HWM";"33";"1";"RH";"https://pesaschile.cl/2/img/p/1/7/0/3/1703-thickbox_default.jpg"
"705";"1";"Bicicleta Spinning Magnética Obelix";"33";"1";"SOM";"https://pesaschile.cl/2/img/p/1/7/0/4/1704-thickbox_default.jpg"
"705";"1";"Bicicleta Spinning Magnética Obelix";"33";"1";"SOM";"https://pesaschile.cl/2/img/p/1/7/1/1/1711-thickbox_default.jpg"
"705";"1";"Bicicleta Spinning Magnética Obelix";"33";"1";"SOM";"https://pesaschile.cl/2/img/p/1/7/1/2/1712-thickbox_default.jpg"
"705";"1";"Bicicleta Spinning Magnética Obelix";"33";"1";"SOM";"https://pesaschile.cl/2/img/p/1/7/1/3/1713-thickbox_default.jpg"
"705";"1";"Bicicleta Spinning Magnética Obelix";"33";"1";"SOM";"https://pesaschile.cl/2/img/p/1/7/1/4/1714-thickbox_default.jpg"
"705";"1";"Bicicleta Spinning Magnética Obelix";"33";"1";"SOM";"https://pesaschile.cl/2/img/p/1/7/1/5/1715-thickbox_default.jpg"
"705";"1";"Bicicleta Spinning Magnética Obelix";"33";"1";"SOM";"https://pesaschile.cl/2/img/p/1/7/1/6/1716-thickbox_default.jpg"
"705";"1";"Bicicleta Spinning Magnética Obelix";"33";"1";"SOM";"https://pesaschile.cl/2/img/p/1/7/1/7/1717-thickbox_default.jpg"
"705";"1";"Bicicleta Spinning Magnética Obelix";"33";"1";"SOM";"https://pesaschile.cl/2/img/p/1/7/1/8/1718-thickbox_default.jpg"
"705";"1";"Bicicleta Spinning Magnética Obelix";"33";"1";"SOM";"https://pesaschile.cl/2/img/p/1/7/1/9/1719-thickbox_default.jpg"
"706";"1";"Elíptica Light Obelix";"13";"1";"EOL";"https://pesaschile.cl/2/img/p/1/7/0/5/1705-thickbox_default.jpg"
"706";"1";"Elíptica Light Obelix";"13";"1";"EOL";"https://pesaschile.cl/2/img/p/1/7/0/6/1706-thickbox_default.jpg"
"706";"1";"Elíptica Light Obelix";"13";"1";"EOL";"https://pesaschile.cl/2/img/p/1/7/0/7/1707-thickbox_default.jpg"
"706";"1";"Elíptica Light Obelix";"13";"1";"EOL";"https://pesaschile.cl/2/img/p/1/7/0/8/1708-thickbox_default.jpg"
"707";"1";"Elíptica Stepper Light Obelix";"13";"1";"SOL";"https://pesaschile.cl/2/img/p/1/7/0/9/1709-thickbox_default.jpg"
"707";"1";"Elíptica Stepper Light Obelix";"13";"1";"SOL";"https://pesaschile.cl/2/img/p/1/7/1/0/1710-thickbox_default.jpg"
"708";"1";"Curl de Biceps T8";"136";"1";"T8-613";"https://pesaschile.cl/2/img/p/1/7/2/1/1721-thickbox_default.jpg"
"710";"1";"Banco Vertical V8";"55";"1";"V8-402";"https://pesaschile.cl/2/img/p/1/7/2/2/1722-thickbox_default.jpg"
"715";"1";"Press Banco Declinado V8";"137";"1";"V8-106";"https://pesaschile.cl/2/img/p/1/7/2/0/1720-thickbox_default.jpg"
"716";"1";"Atril de Discos V8";"137";"1";"V8-203";"https://pesaschile.cl/2/img/p/1/7/2/3/1723-thickbox_default.jpg"
"717";"1";"Set 3 Cajones Pliométricos";"8";"1";"CP3";"https://pesaschile.cl/2/img/p/1/7/3/1/1731-thickbox_default.jpg"
"718";"1";"Par Discos Olímpicos Grip 1,25kg";"18";"1";"DOG0125";"https://pesaschile.cl/2/img/p/1/7/5/1/1751-thickbox_default.jpg"
"718";"1";"Par Discos Olímpicos Grip 1,25kg";"18";"1";"DOG0125";"https://pesaschile.cl/2/img/p/1/7/5/2/1752-thickbox_default.jpg"
"718";"1";"Par Discos Olímpicos Grip 1,25kg";"18";"1";"DOG0125";"https://pesaschile.cl/2/img/p/1/7/5/3/1753-thickbox_default.jpg"
"719";"1";"Par Discos Olímpicos Grip 2,5kg";"18";"1";"DOG025";"https://pesaschile.cl/2/img/p/1/7/5/4/1754-thickbox_default.jpg"
"719";"1";"Par Discos Olímpicos Grip 2,5kg";"18";"1";"DOG025";"https://pesaschile.cl/2/img/p/1/7/5/5/1755-thickbox_default.jpg"
"719";"1";"Par Discos Olímpicos Grip 2,5kg";"18";"1";"DOG025";"https://pesaschile.cl/2/img/p/1/7/5/6/1756-thickbox_default.jpg"
"720";"1";"Par Discos Olímpicos Grip 5kg";"18";"1";"DOG05";"https://pesaschile.cl/2/img/p/1/7/5/7/1757-thickbox_default.jpg"
"720";"1";"Par Discos Olímpicos Grip 5kg";"18";"1";"DOG05";"https://pesaschile.cl/2/img/p/1/7/5/8/1758-thickbox_default.jpg"
"720";"1";"Par Discos Olímpicos Grip 5kg";"18";"1";"DOG05";"https://pesaschile.cl/2/img/p/1/7/5/9/1759-thickbox_default.jpg"
"721";"1";"Par Discos Olímpicos Grip 10kg";"18";"1";"DOG10";"https://pesaschile.cl/2/img/p/1/7/6/0/1760-thickbox_default.jpg"
"721";"1";"Par Discos Olímpicos Grip 10kg";"18";"1";"DOG10";"https://pesaschile.cl/2/img/p/1/7/6/1/1761-thickbox_default.jpg"
"721";"1";"Par Discos Olímpicos Grip 10kg";"18";"1";"DOG10";"https://pesaschile.cl/2/img/p/1/7/6/2/1762-thickbox_default.jpg"
"722";"1";"Par Discos Olímpicos Grip 15kg";"18";"1";"DOG15";"https://pesaschile.cl/2/img/p/1/7/6/3/1763-thickbox_default.jpg"
"722";"1";"Par Discos Olímpicos Grip 15kg";"18";"1";"DOG15";"https://pesaschile.cl/2/img/p/1/7/6/4/1764-thickbox_default.jpg"
"722";"1";"Par Discos Olímpicos Grip 15kg";"18";"1";"DOG15";"https://pesaschile.cl/2/img/p/1/7/6/5/1765-thickbox_default.jpg"
"723";"1";"Par Discos Olímpicos Grip 20kg";"18";"1";"DOG20";"https://pesaschile.cl/2/img/p/1/7/6/6/1766-thickbox_default.jpg"
"723";"1";"Par Discos Olímpicos Grip 20kg";"18";"1";"DOG20";"https://pesaschile.cl/2/img/p/1/7/6/7/1767-thickbox_default.jpg"
"723";"1";"Par Discos Olímpicos Grip 20kg";"18";"1";"DOG20";"https://pesaschile.cl/2/img/p/1/7/6/8/1768-thickbox_default.jpg"
"724";"1";"Pack Olímpico Engomado Grip con Barra";"43";"1";"PEBG";"https://pesaschile.cl/2/img/p/1/7/7/3/1773-thickbox_default.jpg"
"725";"1";"Power Pro Pack Grip";"43";"1";"PPPEG";"https://pesaschile.cl/2/img/p/1/7/7/5/1775-thickbox_default.jpg"
"726";"1";"Pack Press Banco con Barra y Discos GRIP";"43";"1";"PPBDG";"https://pesaschile.cl/2/img/p/1/7/7/6/1776-thickbox_default.jpg"
"727";"1";"Kettlebell Vinilo Red 4kg";"15";"1";"KVR04";"https://pesaschile.cl/2/img/p/1/7/7/8/1778-thickbox_default.jpg"
"728";"1";"Kettlebell Vinilo Red 8kg";"15";"1";"KVR08";"https://pesaschile.cl/2/img/p/1/7/8/3/1783-thickbox_default.jpg"
"729";"1";"Kettlebell Vinilo Red 6kg";"15";"1";"KVR06";"https://pesaschile.cl/2/img/p/1/7/7/9/1779-thickbox_default.jpg"
"730";"1";"Kettlebell Vinilo Red 20kg";"15";"1";"KVR20";"https://pesaschile.cl/2/img/p/1/7/8/2/1782-thickbox_default.jpg"
"731";"1";"Kettlebell Vinilo Red 12kg";"15";"1";"KVR12";"https://pesaschile.cl/2/img/p/1/7/8/0/1780-thickbox_default.jpg"
"732";"1";"Kettlebell Vinilo Red 16kg";"15";"1";"KVR16";"https://pesaschile.cl/2/img/p/1/7/8/1/1781-thickbox_default.jpg"
"733";"1";"Barra Fat Bar HWM";"31";"1";"BOF";"https://pesaschile.cl/2/img/p/1/7/8/6/1786-thickbox_default.jpg"
"734";"1";"PACK PRESS BANCO PREOLIMPICO BÁSICO";"38";"1";"PBPB";"https://pesaschile.cl/2/img/p/1/7/9/1/1791-thickbox_default.jpg"
