"Product ID";"Imagen";"Nombre";"Referencia";"CategorÃ­a";"Precio (imp. incl.)";"Cantidad";"Estado";"Iva"
"734";"https://pesaschile.cl/clon/2/img/p/1/7/9/1/1791.jpg";"PACK PRESS BANCO PREOLIMPICO BÃSICO";"PBPB";"Pack";"99990";"10";"0";"1"
"733";"https://pesaschile.cl/clon/2/img/p/1/7/8/6/1786.jpg";"Barra Fat Bar HWM";"BOF";"Barras";"49990";"10";"0";"1"
"732";"https://pesaschile.cl/clon/2/img/p/1/7/8/1/1781.jpg";"Kettlebell Vinilo Red 16kg";"KVR16";"Kettlebells";"20790";"10";"0";"1"
"731";"https://pesaschile.cl/clon/2/img/p/1/7/8/0/1780.jpg";"Kettlebell Vinilo Red 12kg";"KVR12";"Kettlebells";"15590";"9";"0";"1"
"730";"https://pesaschile.cl/clon/2/img/p/1/7/8/2/1782.jpg";"Kettlebell Vinilo Red 20kg";"KVR20";"Kettlebells";"25990";"9";"0";"1"
"729";"https://pesaschile.cl/clon/2/img/p/1/7/7/9/1779.jpg";"Kettlebell Vinilo Red 6kg";"KVR06";"Kettlebells";"7790";"9";"0";"1"
"728";"https://pesaschile.cl/clon/2/img/p/1/7/8/3/1783.jpg";"Kettlebell Vinilo Red 8kg";"KVR08";"Kettlebells";"10390";"8";"0";"1"
"727";"https://pesaschile.cl/clon/2/img/p/1/7/7/8/1778.jpg";"Kettlebell Vinilo Red 4kg";"KVR04";"Kettlebells";"5190";"10";"0";"1"
"726";"https://pesaschile.cl/clon/2/img/p/1/7/7/6/1776.jpg";"Pack Press Banco con Barra y Discos GRIP";"PPBDG";"Pack";"399990";"10";"0";"1"
"725";"https://pesaschile.cl/clon/2/img/p/1/7/7/5/1775.jpg";"Power Pro Pack Grip";"PPPEG";"Pack";"439990";"10";"0";"1"
"724";"https://pesaschile.cl/clon/2/img/p/1/7/7/3/1773.jpg";"Pack OlÃ­mpico Engomado Grip con Barra";"PEBG";"Pack";"199990";"10";"0";"1"
"723";"https://pesaschile.cl/clon/2/img/p/1/7/6/7/1767.jpg";"Par Discos OlÃ­mpicos Grip 20kg";"DOG20";"Discos";"63980";"10";"0";"1"
"722";"https://pesaschile.cl/clon/2/img/p/1/7/6/4/1764.jpg";"Par Discos OlÃ­mpicos Grip 15kg";"DOG15";"Discos";"47980";"10";"0";"1"
"721";"https://pesaschile.cl/clon/2/img/p/1/7/6/1/1761.jpg";"Par Discos OlÃ­mpicos Grip 10kg";"DOG10";"Discos";"31980";"10";"0";"1"
"720";"https://pesaschile.cl/clon/2/img/p/1/7/5/8/1758.jpg";"Par Discos OlÃ­mpicos Grip 5kg";"DOG05";"Discos";"15980";"20";"0";"1"
"719";"https://pesaschile.cl/clon/2/img/p/1/7/5/5/1755.jpg";"Par Discos OlÃ­mpicos Grip 2,5kg";"DOG025";"Discos";"7980";"20";"0";"1"
"718";"https://pesaschile.cl/clon/2/img/p/1/7/5/1/1751.jpg";"Par Discos OlÃ­mpicos Grip 1,25kg";"DOG0125";"Discos";"3990";"20";"0";"1"
"717";"https://pesaschile.cl/clon/2/img/p/1/7/3/1/1731.jpg";"Set 3 Cajones PliomÃ©tricos ";"CP3";"Accesorios";"139990";"24";"0";"1"
"716";"https://pesaschile.cl/clon/2/img/p/1/7/2/3/1723.jpg";"Atril de Discos V8";"V8-203";"Serie V8";"349990";"2";"0";"1"
"715";"https://pesaschile.cl/clon/2/img/p/1/7/2/0/1720.jpg";"Press Banco Declinado V8";"V8-106";"Serie V8";"599990";"3";"0";"1"
"710";"https://pesaschile.cl/clon/2/img/p/1/7/2/2/1722.jpg";"Banco Vertical V8";"V8-402";"Maquinas Alto Trafico OBELIX";"299990";"2";"0";"1"
"708";"https://pesaschile.cl/clon/2/img/p/1/7/2/1/1721.jpg";"Curl de Biceps T8";"T8-613";"Serie T8";"899990";"1";"0";"1"
"707";"https://pesaschile.cl/clon/2/img/p/1/7/0/9/1709.jpg";"ElÃ­ptica Stepper Light Obelix";"SOL";"Equipamiento";"699990";"10";"0";"1"
"706";"https://pesaschile.cl/clon/2/img/p/1/7/0/5/1705.jpg";"ElÃ­ptica Light Obelix";"EOL";"Equipamiento";"699990";"6";"0";"1"
"705";"https://pesaschile.cl/clon/2/img/p/1/7/0/4/1704.jpg";"Bicicleta Spinning MagnÃ©tica Obelix";"SOM";"Funcional y crossfit";"399990";"19";"0";"1"
"704";"https://pesaschile.cl/clon/2/img/p/1/7/0/3/1703.jpg";"Remo HWM";"RH";"Funcional y crossfit";"549990";"14";"0";"1"
"703";"https://pesaschile.cl/clon/2/img/p/1/6/5/5/1655.jpg";"Trotadora Obelix GT7 Touch";"TGT7T";"Maquinas y equipamiento";"1999990";"0";"1";"1"
"699";"https://pesaschile.cl/clon/2/img/p/1/6/5/4/1654.jpg";"ElÃ­ptica PRO Obelix";"EPOA";"Cardiovasculares";"1800000";"6";"0";"1"
"697";"https://pesaschile.cl/clon/2/img/p/1/6/7/9/1679.jpg";"Bicicleta ErgomÃ©trica Obelix";"BPOA ";"Cardiovasculares";"1300000";"4";"0";"1"
"630";"https://pesaschile.cl/clon/2/img/p/1/6/4/6/1646.jpg";"Peso Tobillo 5kg";"PT05";"Indumentaria";"19990";"1";"0";"1"
"629";"https://pesaschile.cl/clon/2/img/p/1/6/3/9/1639.jpg";"SET Rack + Barras Peso Fijo OBELIX";"SRB";"Barras";"1499990";"3";"0";"1"
"628";"https://pesaschile.cl/clon/2/img/p/1/7/7/7/1777.jpg";"Banco Lumbar MO";"MO-1200";"Maquinas Alto Trafico OBELIX";"239990";"5";"0";"1"
"627";"https://pesaschile.cl/clon/2/img/p/1/5/8/1/1581.jpg";"Multi EstaciÃ³n MO";"MO-6700";"Productos";"1299990";"0";"1";"1"
"626";"https://pesaschile.cl/clon/2/img/p/1/5/8/0/1580.jpg";"Press de Pectoral MO";"MO-4500";"Maquinas Alto Trafico OBELIX";"899990";"3";"0";"1"
"624";"https://pesaschile.cl/clon/2/img/p/1/5/7/9/1579.jpg";"Contractora de Pectoral MO";"MO-4700";"Maquinas Alto Trafico OBELIX";"899990";"3";"0";"1"
"623";"https://pesaschile.cl/clon/2/img/p/1/5/9/0/1590.jpg";"Atril de Discos MO";"MO-100";"Maquinas Alto Trafico OBELIX";"179990";"1";"0";"1"
"622";"https://pesaschile.cl/clon/2/img/p/1/5/8/9/1589.jpg";"Press Banco Vertical MO";"MO-4400";"Maquinas Alto Trafico OBELIX";"399990";"3";"0";"1"
"621";"https://pesaschile.cl/clon/2/img/p/1/5/8/8/1588.jpg";"ElevaciÃ³n Rodillas / Fondo MO";"MO-800";"Maquinas Alto Trafico OBELIX";"349990";"2";"0";"1"
"620";"https://pesaschile.cl/clon/2/img/p/1/6/1/8/1618.jpg";"Press Banco Declinado MO";"MO-4300";"Maquinas Alto Trafico OBELIX";"399990";"4";"0";"1"
"619";"https://pesaschile.cl/clon/2/img/p/1/6/1/9/1619.jpg";"Banco Vertical MO";"MO-550";"Maquinas Alto Trafico OBELIX";"199990";"2";"0";"1"
"618";"https://pesaschile.cl/clon/2/img/p/1/5/8/6/1586.jpg";"Remo Sentado MO";"MO-3620";"Maquinas Alto Trafico OBELIX";"899990";"0";"1";"1"
"617";"https://pesaschile.cl/clon/2/img/p/1/5/8/5/1585.jpg";"Remo Bajo MO";"MO-3600";"Maquinas Alto Trafico OBELIX";"899990";"3";"0";"1"
"616";"https://pesaschile.cl/clon/2/img/p/1/5/8/4/1584.jpg";"Curl de BÃ­ceps MO";"MO-2500";"Maquinas Alto Trafico OBELIX";"899990";"2";"0";"1"
"615";"https://pesaschile.cl/clon/2/img/p/1/7/4/7/1747.jpg";"ExtensiÃ³n de TrÃ­ceps MO";"MO-2630";"Maquinas Alto Trafico OBELIX";"899990";"2";"0";"1"
"614";"https://pesaschile.cl/clon/2/img/p/1/7/4/8/1748.jpg";"Curl Femoral Acostado MO";"MO-5720";"Maquinas Alto Trafico OBELIX";"899990";"2";"0";"1"
"613";"https://pesaschile.cl/clon/2/img/p/1/6/4/5/1645.jpg";"Pack discos OlÃ­mpicos engomados";"PE";"Pack y Promociones";"169990";"74";"0";"1"
"612";"https://pesaschile.cl/clon/2/img/p/1/5/7/2/1572.jpg";"Botella Shaker 0.6 Lts";"BS";"Funcional y crossfit";"1990";"43";"0";"1"
"609";"https://pesaschile.cl/clon/2/img/p/1/5/7/3/1573.jpg";"Pack Power Black";"PPB";"Pack y Promociones";"444990";"9";"0";"1"
"604";"https://pesaschile.cl/clon/2/img/p/1/5/3/7/1537.jpg";"Bicicleta MagnÃ©tica Obelix";"BPO";"Maquinas Alto Trafico OBELIX";"599990";"10";"0";"1"
"602";"https://pesaschile.cl/clon/2/img/p/1/5/3/6/1536.jpg";"ElÃ­ptica Obelix ";"EPO";"Maquinas Alto Trafico OBELIX";"1299990";"5";"0";"1"
"601";"https://pesaschile.cl/clon/2/img/p/1/5/1/2/1512.jpg";"Polea Alta Remo JR";"PM020J";"Productos";"199990";"2";"0";"1"
"600";"https://pesaschile.cl/clon/2/img/p/1/5/1/0/1510.jpg";"Jaula de Potencia JR";"PK001J";"Productos";"199990";"1";"0";"1"
"599";"https://pesaschile.cl/clon/2/img/p/1/5/0/9/1509.jpg";"Atril de Sentadillas JR";"RA033J";"Equipamiento";"69990";"0";"1";"1"
"598";"https://pesaschile.cl/clon/2/img/p/1/6/4/3/1643.jpg";"SANDBAG 5KG";"SB05";"Productos";"26990";"0";"1";"1"
"597";"https://pesaschile.cl/clon/2/img/p/1/5/0/3/1503.jpg";"Prensa Inclinada 45Â° T8";"T8-609";"Maquinas Alto Trafico OBELIX";"1199990";"0";"1";"1"
"596";"https://pesaschile.cl/clon/2/img/p/1/4/8/6/1486.jpg";"Polea Cruzada V8";"V8-513";"Maquinas Alto Trafico OBELIX";"1699990";"1";"0";"1"
"595";"https://pesaschile.cl/clon/2/img/p/1/4/8/5/1485.jpg";"Multi EstaciÃ³n Funcional V8";"V8-512";"Maquinas Alto Trafico OBELIX";"1999990";"0";"1";"1"
"594";"https://pesaschile.cl/clon/2/img/p/1/4/9/1/1491.jpg";"MÃ¡quina Smith V8";"V8-518";"Maquinas Alto Trafico OBELIX";"1799990";"2";"0";"1"
"593";"https://pesaschile.cl/clon/2/img/p/1/5/0/2/1502.jpg";"Banco Lumbar V8";"V8-303";"Maquinas Alto Trafico OBELIX";"399990";"2";"0";"1"
"592";"https://pesaschile.cl/clon/2/img/p/1/5/0/1/1501.jpg";"Pantorrillera V8";"V8-302";"Maquinas Alto Trafico OBELIX";"399990";"0";"1";"1"
"591";"https://pesaschile.cl/clon/2/img/p/1/5/0/0/1500.jpg";"MÃ¡quina ElevaciÃ³n Rodillas / Fondo V8";"V8-301";"Maquinas Alto Trafico OBELIX";"399990";"0";"1";"1"
"590";"https://pesaschile.cl/clon/2/img/p/1/4/9/9/1499.jpg";"Banco Plano V8";"V8-202";"Maquinas Alto Trafico OBELIX";"199990";"5";"0";"1"
"589";"https://pesaschile.cl/clon/2/img/p/1/4/9/8/1498.jpg";"ATRIL DE SENTADILLAS V8";"V8-108";"Maquinas Alto Trafico OBELIX";"499990";"3";"0";"1"
"588";"https://pesaschile.cl/clon/2/img/p/1/4/9/7/1497.jpg";"Press Banco Inclinado V8";"V8-105";"Maquinas Alto Trafico OBELIX";"499990";"4";"0";"1"
"587";"https://pesaschile.cl/clon/2/img/p/1/4/9/6/1496.jpg";"Press Banco Plano V8";"V8-104";"Maquinas Alto Trafico OBELIX";"399990";"2";"0";"1"
"586";"https://pesaschile.cl/clon/2/img/p/1/4/9/5/1495.jpg";"Banco Scott V8";"V8-103";"Maquinas Alto Trafico OBELIX";"399990";"3";"0";"1"
"585";"https://pesaschile.cl/clon/2/img/p/1/4/9/4/1494.jpg";"Banco Inclinable / Declinable V8";"V8-102";"Maquinas Alto Trafico OBELIX";"399990";"4";"0";"1"
"584";"https://pesaschile.cl/clon/2/img/p/1/4/9/3/1493.jpg";"Banco Abdominal V8";"V8-101";"Maquinas Alto Trafico OBELIX";"399990";"5";"0";"1"
"583";"https://pesaschile.cl/clon/2/img/p/1/4/9/2/1492.jpg";"MÃ¡quina Remo Bajo V8";"V8-523";"Maquinas Alto Trafico OBELIX";"1399990";"2";"0";"1"
"582";"https://pesaschile.cl/clon/2/img/p/1/4/8/4/1484.jpg";"MÃ¡quina Polea Alta V8";"V8-522";"Maquinas Alto Trafico OBELIX";"1399990";"3";"0";"1"
"581";"https://pesaschile.cl/clon/2/img/p/1/4/8/3/1483.jpg";"Aperturas V8";"V8-519";"Maquinas Alto Trafico OBELIX";"1399990";"2";"0";"1"
"580";"https://pesaschile.cl/clon/2/img/p/1/4/8/9/1489.jpg";"MÃ¡quina Dominada/Fondo Asistida V8";"V8-517";"Maquinas Alto Trafico OBELIX";"1299990";"1";"0";"1"
"579";"https://pesaschile.cl/clon/2/img/p/1/4/8/8/1488.jpg";"MÃ¡quina Curl Femoral Acostado V8";"V8-514";"Maquinas Alto Trafico OBELIX";"1399990";"1";"0";"1"
"578";"https://pesaschile.cl/clon/2/img/p/1/4/8/7/1487.jpg";"MÃ¡quina Prensa Horizontal V8";"V8-509";"Maquinas Alto Trafico OBELIX";"1499990";"0";"1";"1"
"577";"https://pesaschile.cl/clon/2/img/p/1/4/8/2/1482.jpg";"MÃ¡quina Press de Triceps V8";"V8-508";"Maquinas Alto Trafico OBELIX";"1299990";"1";"0";"1"
"576";"https://pesaschile.cl/clon/2/img/p/1/4/8/1/1481.jpg";"MÃ¡quina Remo Sentado V8";"V8-507";"Maquinas Alto Trafico OBELIX";"1399990";"1";"0";"1"
"575";"https://pesaschile.cl/clon/2/img/p/1/4/8/0/1480.jpg";"MÃ¡quina Curl de Biceps V8";"V8-506";"Maquinas Alto Trafico OBELIX";"1299990";"0";"1";"1"
"574";"https://pesaschile.cl/clon/2/img/p/1/4/7/9/1479.jpg";"MÃ¡quina Press de Pectoral V8";"V8-504";"Maquinas Alto Trafico OBELIX";"1399990";"4";"0";"1"
"573";"https://pesaschile.cl/clon/2/img/p/1/4/7/8/1478.jpg";"MÃ¡quina Press de Hombro V8";"V8-502";"Maquinas Alto Trafico OBELIX";"1399990";"2";"0";"1"
"572";"https://pesaschile.cl/clon/2/img/p/1/4/7/1/1471.jpg";"Banco Abdominal Home PROmachine";"PM381";"Productos";"29990";"40";"0";"1"
"571";"https://pesaschile.cl/clon/2/img/p/1/4/7/7/1477.jpg";"Multi Press / Dominadas PROmachine";"PM012";"Equipamiento";"199990";"20";"0";"1"
"570";"https://pesaschile.cl/clon/2/img/p/1/4/6/3/1463.jpg";"Banco Lumbar PROmachine";"PM1041";"Productos";"149990";"15";"0";"1"
"569";"https://pesaschile.cl/clon/2/img/p/1/7/4/1/1741.jpg";"MÃ¡quina Sissy Promachine";"PM105";"Equipamiento";"79990";"27";"0";"1"
"568";"https://pesaschile.cl/clon/2/img/p/1/4/4/3/1443.jpg";"Banco Inclinable / Declinable PROmachine 2.0";"PM057";"Equipamiento";"99990";"95";"0";"1"
"567";"https://pesaschile.cl/clon/2/img/p/1/4/6/4/1464.jpg";"Banco Inclinable / Declinable PROmachine ECO";"PM011";"Equipamiento";"69990";"8";"0";"1"
"566";"https://pesaschile.cl/clon/2/img/p/1/4/4/5/1445.jpg";"Maquina Abdominal / Fondo Pared PROmachine";"PM087";"Productos";"49990";"9";"0";"1"
"565";"https://pesaschile.cl/clon/2/img/p/1/4/6/7/1467.jpg";"Media Jaula Black HWM";"HWM181";"Equipamiento";"139990";"28";"0";"1"
"564";"https://pesaschile.cl/clon/2/img/p/1/4/4/7/1447.jpg";"Pull Up Pared HWM";"HWM011";"Productos";"39990";"39";"0";"1"
"563";"https://pesaschile.cl/clon/2/img/p/1/4/6/5/1465.jpg";"Banco Plano Black HWM";"HWM012";"Equipamiento";"99990";"0";"1";"1"
"562";"https://pesaschile.cl/clon/2/img/p/1/4/6/6/1466.jpg";"Multi EstaciÃ³n Fija HWM";"HWM2811";"Productos";"249990";"8";"0";"1"
"561";"https://pesaschile.cl/clon/2/img/p/1/4/3/2/1432.jpg";"PACK DISCOS PREOLIMPICOS ENGOMADOS";"PDPE";"Pack";"169990";"5";"0";"1"
"560";"https://pesaschile.cl/clon/2/img/p/1/4/3/1/1431.jpg";"PAR DISCO PREOLIMPICO ENGOMADO 20 KG";"DPE20";"Productos";"68000";"5";"0";"1"
"559";"https://pesaschile.cl/clon/2/img/p/1/4/3/0/1430.jpg";"PAR DISCO PREOLIMPICO ENGOMADO 15 KG";"DPE15";"Productos";"51000";"5";"0";"1"
"558";"https://pesaschile.cl/clon/2/img/p/1/4/2/9/1429.jpg";"PAR DISCO PREOLIMPICO ENGOMADO 10 KG";"DPE10";"Productos";"34000";"5";"0";"1"
"557";"https://pesaschile.cl/clon/2/img/p/1/4/2/8/1428.jpg";"PAR DISCO PREOLIMPICO ENGOMADO 5 KG";"DPE05";"Productos";"17000";"5";"0";"1"
"556";"https://pesaschile.cl/clon/2/img/p/1/4/2/7/1427.jpg";"PAR DISCO PREOLIMPICO ENGOMADO 2,5 KG";"DPE025";"Productos";"8500";"5";"0";"1"
"555";"https://pesaschile.cl/clon/2/img/p/1/4/2/6/1426.jpg";"PAR DISCO PREOLIMPICO ENGOMADO 1,25 KG";"DPE0125";"Productos";"4250";"5";"0";"1"
"554";"https://pesaschile.cl/clon/2/img/p/1/4/2/5/1425.jpg";"Barra PreolÃ­mpica 2,2m";"BPR220";"PreolÃ­mpicos";"24990";"10";"0";"1"
"553";"https://pesaschile.cl/clon/2/img/p/1/4/2/1/1421.jpg";"Coderas McDavid";"";"Equipamiento";"16990";"4";"0";"1"
"552";"https://pesaschile.cl/clon/2/img/p/1/4/1/9/1419.jpg";"Pack Smith Machine + banquillo + Engomados Color";"PSBEC";"Equipamiento";"789990";"8";"0";"1"
"551";"https://pesaschile.cl/clon/2/img/p/1/7/2/9/1729.jpg";"Power Pro Pack Engomado";"PPPEC";"Equipamiento";"499990";"8";"0";"1"
"550";"https://pesaschile.cl/clon/2/img/p/1/4/1/7/1417.jpg";"Pack OlÃ­mpico Engomados con Barra";"PEBC";"Pack y Promociones";"199990";"19";"0";"1"
"549";"https://pesaschile.cl/clon/2/img/p/1/6/6/2/1662.jpg";"Trotadora Obelix GT7";"TGT7";"Maquinas y equipamiento";"1699990";"0";"1";"1"
"546";"https://pesaschile.cl/clon/2/img/p/1/3/9/6/1396.jpg";"TOBILLERA PARA POLEA";"TP";"Accesorios";"9990";"188";"0";"1"
"545";"https://pesaschile.cl/clon/2/img/p/1/4/0/1/1401.jpg";"PAR PESO MUÃ‘/TOB 2.5 KG PROMACHINE";"PM025P";"Productos";"9990";"13";"0";"1"
"544";"https://pesaschile.cl/clon/2/img/p/1/3/9/7/1397.jpg";"PAR PESO MUÃ‘/TOB 1.5 KG PROMACHINE";"PM015P";"Productos";"6990";"15";"0";"1"
"543";"https://pesaschile.cl/clon/2/img/p/1/3/9/9/1399.jpg";"PAR PESO MUÃ‘/TOB 2 KG PROMACHINE";"PM02P";"Productos";"8990";"18";"0";"1"
"542";"https://pesaschile.cl/clon/2/img/p/1/3/9/5/1395.jpg";"PAR RODILLERA FULL FIT L";"FIRFL";"Peso libre";"9990";"37";"0";"1"
"541";"https://pesaschile.cl/clon/2/img/p/1/3/9/4/1394.jpg";"PAR RODILLERA FULL FIT M";"FIRFM";"Indumentaria";"9990";"35";"0";"1"
"540";"https://pesaschile.cl/clon/2/img/p/1/3/9/3/1393.jpg";"PAR RODILLERA FULL FIT S";"FIRFS";"Indumentaria";"9990";"31";"0";"1"
"539";"https://pesaschile.cl/clon/2/img/p/1/3/8/3/1383.jpg";"SET PISO GOMA EVA  64X64";"PDE";"Equipamiento";"11960";"0";"1";"1"
"538";"https://pesaschile.cl/clon/2/img/p/1/3/7/7/1377.jpg";"HIP THRUST PROMACHINE";"MHT";"Equipamiento";"159990";"15";"0";"1"
"537";"https://pesaschile.cl/clon/2/img/p/1/3/8/0/1380.jpg";"MÃSCARA DE ENTRENAMIENTO";"ME";"Accesorios";"24990";"29";"0";"1"
"536";"https://pesaschile.cl/clon/2/img/p/1/3/7/3/1373.jpg";"BARRA LOG";"BL";"Productos";"119990";"9";"0";"1"
"535";"https://pesaschile.cl/clon/2/img/p/1/3/7/5/1375.jpg";"BARRA MULTIAGARRE";"BMA";"Barras";"99990";"50";"0";"1"
"534";"https://pesaschile.cl/clon/2/img/p/1/3/8/5/1385.jpg";"CINTURÃ“N LUMBAR PROMACHINE ROSADO";"CLPSR";"Accesorios";"12990";"19";"0";"1"
"533";"https://pesaschile.cl/clon/2/img/p/1/3/8/7/1387.jpg";"CINTURON LUMBAR PROMACHINE L";"CLPL";"Accesorios";"12990";"9";"0";"1"
"532";"https://pesaschile.cl/clon/2/img/p/1/3/8/9/1389.jpg";"CINTURON LUMBAR PROMACHINE M";"CLPM";"Accesorios";"12990";"0";"1";"1"
"531";"https://pesaschile.cl/clon/2/img/p/1/3/9/1/1391.jpg";"CINTURON LUMBAR PROMACHINE S";"CLPS";"Accesorios";"12990";"0";"1";"1"
"530";"https://pesaschile.cl/clon/2/img/p/1/4/5/0/1450.jpg";"Discos Barbell 3 kg X 2UN ";"DPB03";"Productos";"7800";"10";"0";"1"
"529";"https://pesaschile.cl/clon/2/img/p/.jpg";"prueba";"";"Productos";"500";"49";"0";"1"
"528";"https://pesaschile.cl/clon/2/img/p/1/3/6/3/1363.jpg";"Tenazas Preolimpicas";"TPP";"Accesorios";"1990";"5";"0";"1"
"527";"https://pesaschile.cl/clon/2/img/p/1/3/6/4/1364.jpg";"Tenazas OlÃ­mpicas";"TPO";"Accesorios";"2990";"93";"0";"1"
"526";"https://pesaschile.cl/clon/2/img/p/1/3/4/8/1348.jpg";"Pack Sentadillas";"PS";"Peso libre";"299990";"7";"0";"1"
"525";"https://pesaschile.cl/clon/2/img/p/1/3/6/6/1366.jpg";"Pack Acero Vinilo Light";"PKAL";"Pack y Promociones";"79990";"0";"1";"1"
"524";"https://pesaschile.cl/clon/2/img/p/.jpg";"Barra Training HWM + 170LB";"-";"Productos";"0";"0";"1";"1"
"523";"https://pesaschile.cl/clon/2/img/p/1/3/4/6/1346.jpg";"Pack Crumb Elite HWM";"PDOCE";"Discos";"499990";"9";"0";"1"
"520";"https://pesaschile.cl/clon/2/img/p/1/7/8/4/1784.jpg";"PACK BANQUILLO+ MALETIN YORK";"PBO";"Pack y Promociones";"129990";"10";"0";"1"
"519";"https://pesaschile.cl/clon/2/img/p/1/5/4/9/1549.jpg";"MaletÃ­n Golden Coast 20kg";"PMY";"Mancuernas Completas";"34990";"0";"1";"1"
"518";"https://pesaschile.cl/clon/2/img/p/1/5/6/1/1561.jpg";"Barra Training Serie 15kg HWM";"BORT15";"Productos";"139990";"27";"0";"1"
"517";"https://pesaschile.cl/clon/2/img/p/1/5/7/0/1570.jpg";"Barra TÃ©cnica 7.5kg";"BTA";"Barras";"74990";"69";"0";"1"
"516";"https://pesaschile.cl/clon/2/img/p/1/5/4/4/1544.jpg";"Tape KinesiolÃ³gico";"BKT";"Fitness";"4990";"0";"1";"1"
"515";"https://pesaschile.cl/clon/2/img/p/1/3/7/2/1372.jpg";"Set 4 Cajones PliomÃ©tricos";"CP4";"Productos";"159990";"0";"1";"1"
"514";"https://pesaschile.cl/clon/2/img/p/1/7/4/2/1742.jpg";"Polea Alta MO";"MO-3500";"Maquinas Alto Trafico OBELIX";"899990";"3";"0";"1"
"513";"https://pesaschile.cl/clon/2/img/p/1/6/3/6/1636.jpg";"Jaula de Potencia MO";"MO-6100";"Maquinas Alto Trafico OBELIX";"499990";"3";"0";"1"
"512";"https://pesaschile.cl/clon/2/img/p/1/6/3/5/1635.jpg";"Smith MO";"MO-6200";"Maquinas Alto Trafico OBELIX";"1199990";"5";"0";"1"
"511";"https://pesaschile.cl/clon/2/img/p/1/7/4/6/1746.jpg";"Prensa Horizontal MO";"MO-5500";"Maquinas Alto Trafico OBELIX";"999990";"3";"0";"1"
"510";"https://pesaschile.cl/clon/2/img/p/1/6/3/3/1633.jpg";"T - Rowing MO";"MO-3120";"Maquinas Alto Trafico OBELIX";"329990";"4";"0";"1"
"509";"https://pesaschile.cl/clon/2/img/p/1/6/3/2/1632.jpg";"Banco Abdominal MO";"MO-700";"Productos";"239990";"3";"0";"1"
"508";"https://pesaschile.cl/clon/2/img/p/1/3/0/8/1308.jpg";"Pack 170LB Crumb Bumper";"POC170";"HWM PACK";"219990";"7";"0";"1"
"507";"https://pesaschile.cl/clon/2/img/p/1/3/1/1/1311.jpg";"Pack 260LB Crumb Bumper";"POC260";"HWM PACK";"329990";"9";"0";"1"
"506";"https://pesaschile.cl/clon/2/img/p/1/3/0/6/1306.jpg";"Par Crumb Bumper 45LB";"DOC45";"Productos";"120340";"0";"1";"1"
"505";"https://pesaschile.cl/clon/2/img/p/1/3/0/4/1304.jpg";"Par Crumb Bumper 35LB";"DOC35";"Productos";"95700";"20";"0";"1"
"504";"https://pesaschile.cl/clon/2/img/p/1/3/0/9/1309.jpg";"Par Crumb Bumper 15LB";"DOC15";"Productos";"41360";"17";"0";"1"
"503";"https://pesaschile.cl/clon/2/img/p/1/3/0/2/1302.jpg";"Par Crumb Bumper 25LB";"DOC25";"Productos";"68200";"22";"0";"1"
"490";"https://pesaschile.cl/clon/2/img/p/1/3/0/0/1300.jpg";"Par Crumb Bumper 10LB";"DOC10";"Bumper plate y Barras OlÃ­mpicas";"28380";"16";"0";"1"
"488";"https://pesaschile.cl/clon/2/img/p/1/2/5/5/1255.jpg";"Toma Barra Corta";"TBC";"Accesorios";"19990";"40";"0";"1"
"487";"https://pesaschile.cl/clon/2/img/p/1/2/5/3/1253.jpg";"Rodillera Mac David";"";"Deportes de contacto";"19990";"0";"1";"1"
"486";"https://pesaschile.cl/clon/2/img/p/1/2/5/2/1252.jpg";"Pack Fit Home Full";"PHFF";"Pack";"69990";"5";"0";"1"
"485";"https://pesaschile.cl/clon/2/img/p/1/2/5/1/1251.jpg";"Pack Fit Home Avanzado";"PHA";"Pack";"49990";"6";"0";"1"
"484";"https://pesaschile.cl/clon/2/img/p/1/2/5/0/1250.jpg";"Pack Fit Home Inicio";"PHF";"Pack";"34990";"2";"0";"1"
"483";"https://pesaschile.cl/clon/2/img/p/1/2/4/9/1249.jpg";"Par D.Fraccional 2.5kg";"DOF025";"Productos";"24990";"1";"0";"1"
"481";"https://pesaschile.cl/clon/2/img/p/.jpg";"Pantorrillera 2.0 Promachine";"";"Productos";"0";"0";"1";"1"
"480";"https://pesaschile.cl/clon/2/img/p/1/2/3/8/1238.jpg";"Pack discos OlÃ­mpicos engomados Promachine";"PDOP";"Pack y Promociones";"239990";"10";"0";"1"
"479";"https://pesaschile.cl/clon/2/img/p/1/2/1/9/1219.jpg";"MÃ¡quina Dorsales T8  ";"T8-606";"Maquinas Alto Trafico OBELIX";"899990";"2";"0";"1"
"478";"https://pesaschile.cl/clon/2/img/p/1/2/1/8/1218.jpg";"MÃ¡quina Remo Sentado T8  ";"T8-603";"Maquinas Alto Trafico OBELIX";"799990";"3";"0";"1"
"477";"https://pesaschile.cl/clon/2/img/p/1/2/1/7/1217.jpg";"MÃ¡quina Press de Pectoral T8  ";"T8-604";"Maquinas Alto Trafico OBELIX";"799990";"0";"1";"1"
"476";"https://pesaschile.cl/clon/2/img/p/1/2/1/6/1216.jpg";"MÃ¡quina Press de Hombro T8 ";"T8-605";"Maquinas Alto Trafico OBELIX";"899990";"0";"1";"1"
"475";"https://pesaschile.cl/clon/2/img/p/1/2/1/5/1215.jpg";"MÃ¡quina Dorsales V8  ";"V8-501";"Maquinas Alto Trafico OBELIX";"1399990";"0";"1";"1"
"474";"https://pesaschile.cl/clon/2/img/p/1/2/1/4/1214.jpg";"MÃ¡quina Abdominal V8 ";"V8-511";"Maquinas Alto Trafico OBELIX";"1299990";"1";"0";"1"
"473";"https://pesaschile.cl/clon/2/img/p/1/2/1/3/1213.jpg";"MÃ¡quina GlÃºteo Aislado V8  ";"V8-520";"Maquinas Alto Trafico OBELIX";"1399990";"0";"1";"1"
"472";"https://pesaschile.cl/clon/2/img/p/1/2/1/2/1212.jpg";"MÃ¡quina Curl de Femoral Sentado V8  ";"V8-505";"Maquinas Alto Trafico OBELIX";"1399990";"3";"0";"1"
"471";"https://pesaschile.cl/clon/2/img/p/1/4/9/0/1490.jpg";"MÃ¡quina ExtensiÃ³n de Cuadriceps V8 ";"V8-510";"Maquinas Alto Trafico OBELIX";"1399990";"3";"0";"1"
"470";"https://pesaschile.cl/clon/2/img/p/1/2/1/0/1210.jpg";"MÃ¡quina Abductor / Aductor V8 ";"V8-516";"Maquinas Alto Trafico OBELIX";"1399990";"0";"1";"1"
"469";"https://pesaschile.cl/clon/2/img/p/1/2/3/6/1236.jpg";"Pack 40 D. Engomados 5 kg Olimpicos";"";"Pack y Promociones";"360000";"6";"0";"1"
"468";"https://pesaschile.cl/clon/2/img/p/1/2/3/5/1235.jpg";"Pack 20 D. Engomados 10 kg Olimpicos";"";"Pack y Promociones";"360000";"6";"0";"1"
"467";"https://pesaschile.cl/clon/2/img/p/1/2/3/4/1234.jpg";"Pack 10 D. Engomados 15 kg Olimpicos";"";"Pack y Promociones";"270000";"6";"0";"1"
"466";"https://pesaschile.cl/clon/2/img/p/1/2/3/3/1233.jpg";"Pack 10 D. Engomados 20 kg Olimpicos";"";"Pack y Promociones";"360000";"6";"0";"1"
"465";"https://pesaschile.cl/clon/2/img/p/1/2/3/2/1232.jpg";"Pack 40 D. Promachine 5 kg Olimpico";"";"Pack y Promociones";"360000";"6";"0";"1"
"464";"https://pesaschile.cl/clon/2/img/p/1/2/3/1/1231.jpg";"Pack 20 D. Promachine 10 kg Olimpico";"";"Pack y Promociones";"360000";"6";"0";"1"
"463";"https://pesaschile.cl/clon/2/img/p/1/2/3/0/1230.jpg";"Pack 10 D. Promachine 15 kg Olimpico";"";"Pack y Promociones";"270000";"6";"0";"1"
"462";"https://pesaschile.cl/clon/2/img/p/1/2/2/9/1229.jpg";"Pack 10 D. Promachine 20 kg Olimpico";"";"Pack y Promociones";"360000";"6";"0";"1"
"461";"https://pesaschile.cl/clon/2/img/p/1/2/2/8/1228.jpg";"Pack 40 D. Acero 5 kg Olimpico";"";"Pack y Promociones";"288000";"6";"0";"1"
"460";"https://pesaschile.cl/clon/2/img/p/1/2/2/7/1227.jpg";"Pack 20 D. Acero 10 kg Olimpico";"";"Pack y Promociones";"288000";"10";"0";"1"
"459";"https://pesaschile.cl/clon/2/img/p/1/2/2/6/1226.jpg";"Pack 10 D. Acero 20 kg Olimpico";"";"Pack y Promociones";"288000";"6";"0";"1"
"458";"https://pesaschile.cl/clon/2/img/p/1/2/2/3/1223.jpg";"Pack 25 Set Body Pump";"";"Pack y Promociones";"1199800";"0";"1";"1"
"457";"https://pesaschile.cl/clon/2/img/p/1/6/4/0/1640.jpg";"SET RACK + 20 BODY PUMP";"SBPR";"Pack y Promociones";"1199990";"4";"0";"1"
"456";"https://pesaschile.cl/clon/2/img/p/1/2/4/7/1247.jpg";"Par D.Fraccional 2kg";"DOF02";"Productos";"19990";"5";"0";"1"
"455";"https://pesaschile.cl/clon/2/img/p/1/2/4/6/1246.jpg";"Par D.Fraccional 1.5kg";"DOF015";"Productos";"16990";"20";"0";"1"
"454";"https://pesaschile.cl/clon/2/img/p/1/2/4/5/1245.jpg";"Par D.Fraccional 1kg";"DOF01";"Productos";"12990";"0";"1";"1"
"453";"https://pesaschile.cl/clon/2/img/p/1/2/4/4/1244.jpg";"Par D.Fraccional 0.5kg";"DOF005";"Productos";"9990";"1";"0";"1"
"452";"https://pesaschile.cl/clon/2/img/p/1/2/0/9/1209.jpg";"Set Discos Fraccionales ";"";"Discos";"79990";"0";"1";"1"
"451";"https://pesaschile.cl/clon/2/img/p/1/6/6/9/1669.jpg";"Trotadora Obelix GT5";"TGT5";"Maquinas y equipamiento";"1199990";"10";"0";"1"
"450";"https://pesaschile.cl/clon/2/img/p/1/4/1/3/1413.jpg";"CajÃ³n PliomÃ©trico";"CP";"Funcional y crossfit";"64990";"31";"0";"1"
"449";"https://pesaschile.cl/clon/2/img/p/1/3/6/8/1368.jpg";"Pack Bandas Resistencia Corta";"PBCC";"Accesorios";"9990";"813";"0";"1"
"448";"https://pesaschile.cl/clon/2/img/p/1/2/8/1/1281.jpg";"Disco de Equilibrio PlÃ¡stico";"DEP";"Productos";"7990";"283";"0";"1"
"447";"https://pesaschile.cl/clon/2/img/p/1/2/8/0/1280.jpg";"Disco de Equilibrio Madera";"DEM";"Productos";"14990";"289";"0";"1"
"446";"https://pesaschile.cl/clon/2/img/p/1/4/0/8/1408.jpg";"Tabla de Escalada";"TE";"Productos";"119990";"20";"0";"1"
"445";"https://pesaschile.cl/clon/2/img/p/1/2/0/5/1205.jpg";"Pull Up/Dip bar";"PDB";"Otros";"59990";"0";"1";"1"
"444";"https://pesaschile.cl/clon/2/img/p/1/1/8/8/1188.jpg";"Soporte Vertical Barras";"RBV";"Productos";"65990";"15";"0";"1"
"439";"https://pesaschile.cl/clon/2/img/p/1/4/0/6/1406.jpg";"Rack Barra Pared Vertical HWM";"RBPV";"Productos";"65990";"4";"0";"1"
"438";"https://pesaschile.cl/clon/2/img/p/1/1/8/9/1189.jpg";"Ab Traps";"ABS";"Otros";"9990";"46";"0";"1"
"437";"https://pesaschile.cl/clon/2/img/p/1/1/8/5/1185.jpg";"ElÃ­ptica Promachine";"EP";"Maquinas y equipamiento";"843000";"0";"1";"1"
"436";"https://pesaschile.cl/clon/2/img/p/1/1/8/3/1183.jpg";"Air Bike HWM";" ABH";"Funcional y crossfit";"549990";"36";"0";"1"
"435";"https://pesaschile.cl/clon/2/img/p/1/5/3/8/1538.jpg";"Remo Icarus-X HWM";"RHI";"Funcional y crossfit";"999990";"2";"0";"1"
"434";"https://pesaschile.cl/clon/2/img/p/1/2/9/7/1297.jpg";"Piso caucho alto trafico 15mm";"PC15";"Accesorios";"19990";"246";"0";"1"
"433";"https://pesaschile.cl/clon/2/img/p/1/2/5/7/1257.jpg";"Kettlebell Vinilo Acero 20Kg";"KVA20";"Productos";"35000";"0";"1";"1"
"432";"https://pesaschile.cl/clon/2/img/p/1/1/1/8/1118.jpg";"Strap de levantamiento";"SL";"Indumentaria";"2990";"38";"0";"1"
"431";"https://pesaschile.cl/clon/2/img/p/1/1/1/1/1111.jpg";"Pack discos OlÃ­mpicos Promachine + barra promachine";"POP";"Pack y Promociones";"279990";"7";"0";"1"
"430";"https://pesaschile.cl/clon/2/img/p/1/1/0/8/1108.jpg";"Barra ExtensiÃ³n Puerta";"BP";"Productos";"9990";"162";"0";"1"
"428";"https://pesaschile.cl/clon/2/img/p/1/7/4/4/1744.jpg";"Pack Crossfit HWM";"PCH";"Discos";"789990";"49";"0";"1"
"427";"https://pesaschile.cl/clon/2/img/p/1/1/0/1/1101.jpg";"Barra Promachine 20kg";"BORP";"Productos";"89990";"82";"0";"1"
"424";"https://pesaschile.cl/clon/2/img/p/1/6/3/1/1631.jpg";"ExtensiÃ³n de CuÃ¡driceps MO";"MO-5700";"Maquinas Alto Trafico OBELIX";"899990";"2";"0";"1"
"422";"https://pesaschile.cl/clon/2/img/p/1/6/3/0/1630.jpg";"Dominada/Fondo Asistida MO";"MO-3000";"Maquinas Alto Trafico OBELIX";"899990";"3";"0";"1"
"421";"https://pesaschile.cl/clon/2/img/p/1/6/2/9/1629.jpg";"AbducciÃ³n MO (GlÃºteo Medio) ";"MO-5910";"Maquinas Alto Trafico OBELIX";"899990";"5";"0";"1"
"420";"https://pesaschile.cl/clon/2/img/p/1/6/2/8/1628.jpg";"AducciÃ³n MO (Aductor)";"MO-5900";"Maquinas Alto Trafico OBELIX";"899990";"0";"1";"1"
"419";"https://pesaschile.cl/clon/2/img/p/1/6/2/5/1625.jpg";"GlÃºteo Aislado MO";"MO-5800";"Maquinas Alto Trafico OBELIX";"899990";"4";"0";"1"
"418";"https://pesaschile.cl/clon/2/img/p/1/0/8/8/1088.jpg";"Par D. Olimpico Promachine 25kg";"DOP25";"Productos";"79980";"25";"0";"1"
"417";"https://pesaschile.cl/clon/2/img/p/1/0/8/6/1086.jpg";"Par D. Olimpico Promachine 1.25kg";"DOP0125";"Productos";"3990";"69";"0";"1"
"414";"https://pesaschile.cl/clon/2/img/p/1/0/8/3/1083.jpg";"Par D. Olimpico Promachine 20kg";"DOP20";"Productos";"63980";"19";"0";"1"
"413";"https://pesaschile.cl/clon/2/img/p/1/0/6/5/1065.jpg";"Par D. Olimpico Promachine 15kg";"DOP15";"Productos";"47980";"19";"0";"1"
"412";"https://pesaschile.cl/clon/2/img/p/1/0/6/3/1063.jpg";"Par D. Olimpico Promachine 10kg";"DOP10";"Productos";"31980";"50";"0";"1"
"411";"https://pesaschile.cl/clon/2/img/p/1/7/2/4/1724.jpg";"Par D. Olimpico Promachine 5kg";"DOP05";"Productos";"15980";"40";"0";"1"
"410";"https://pesaschile.cl/clon/2/img/p/1/0/6/1/1061.jpg";"Par D. Olimpico Promachine 2.5kg";"DOP025";"Pesas Day";"7980";"50";"0";"1"
"408";"https://pesaschile.cl/clon/2/img/p/1/4/1/1/1411.jpg";"Speed Rope Aluminio";"CSSRA";"Productos";"9990";"153";"0";"1"
"403";"https://pesaschile.cl/clon/2/img/p/.jpg";"pueba";"";"Productos";"10";"0";"1";"1"
"402";"https://pesaschile.cl/clon/2/img/p/1/7/3/2/1732.jpg";"Banco Plano MO";"MO-500";"Productos";"149990";"8";"0";"1"
"401";"https://pesaschile.cl/clon/2/img/p/1/7/3/3/1733.jpg";"Banco Inclinable MO";"MO-600";"Maquinas Alto Trafico OBELIX";"249990";"10";"0";"1"
"400";"https://pesaschile.cl/clon/2/img/p/1/5/1/3/1513.jpg";"Polea Cruzada Promachine";"PK030";"Maquinas y equipamiento";"299990";"4";"0";"1"
"399";"https://pesaschile.cl/clon/2/img/p/1/6/0/7/1607.jpg";"Banco Scott MO";"MO-2000";"Productos";"299990";"3";"0";"1"
"398";"https://pesaschile.cl/clon/2/img/p/1/6/1/0/1610.jpg";"Pantorillera MO";"MO-5200";"Maquinas Alto Trafico OBELIX";"349990";"1";"0";"1"
"397";"https://pesaschile.cl/clon/2/img/p/1/3/6/9/1369.jpg";"Cinturon de Lastre";"CL";"Productos";"24990";"45";"0";"1"
"395";"https://pesaschile.cl/clon/2/img/p/1/4/7/6/1476.jpg";"Rack Horizontal para Mancuernas";"RA018";"Equipamiento";"149990";"40";"0";"1"
"393";"https://pesaschile.cl/clon/2/img/p/9/1/5/915.jpg";"Step 3 niveles Promachine";"FISAP";"Fitness";"59990";"0";"1";"1"
"391";"https://pesaschile.cl/clon/2/img/p/1/0/4/5/1045.jpg";"Discos Barbell 5 kg X 2 UN ";"DPB05";"Productos";"13000";"4";"0";"1"
"390";"https://pesaschile.cl/clon/2/img/p/1/0/5/0/1050.jpg";"Discos Barbell 20 kg X 2 UN ";"DPB20";"Productos";"52000";"9";"0";"1"
"389";"https://pesaschile.cl/clon/2/img/p/1/0/4/9/1049.jpg";"Discos Barbell 10 kg X 2 UN ";"DPB10";"Productos";"26000";"10";"0";"1"
"388";"https://pesaschile.cl/clon/2/img/p/1/0/4/4/1044.jpg";"Discos Barbell 2.5 kg X 2UN ";"DPB025";"Productos";"6500";"68";"0";"1"
"387";"https://pesaschile.cl/clon/2/img/p/1/0/4/3/1043.jpg";"Discos Barbell 2 kg X 2UN ";"DPB02";"Productos";"5200";"11";"0";"1"
"386";"https://pesaschile.cl/clon/2/img/p/1/0/5/1/1051.jpg";"Discos Barbell 15 kg X 2 UN ";"DPB15";"Productos";"39000";"13";"0";"1"
"385";"https://pesaschile.cl/clon/2/img/p/9/0/8/908.jpg";"PACK PRESS DE BANCO HOME";"PPBM";"Pack y Promociones";"99990";"8";"0";"1"
"383";"https://pesaschile.cl/clon/2/img/p/1/5/6/6/1566.jpg";"Barra Profesional Elite  Serie 15KG HWM";"BOEM";"Productos";"179990";"0";"1";"1"
"382";"https://pesaschile.cl/clon/2/img/p/9/0/1/901.jpg";"Bumpers plate 60kg + Barra T-Serie olÃ­mpica HWM";"PBT";"Productos";"279990";"6";"0";"1"
"381";"https://pesaschile.cl/clon/2/img/p/9/0/0/900.jpg";"Bumpers plate 150kg + Barra T-Serie olÃ­mpica HWM";"PBTH150";"Productos";"470000";"8";"0";"1"
"380";"https://pesaschile.cl/clon/2/img/p/8/9/9/899.jpg";"Bumpers plate 100kg + Barra T-Serie HWM";"PBTH100";"Productos";"360000";"2";"0";"1"
"379";"https://pesaschile.cl/clon/2/img/p/8/8/3/883.jpg";"Bumpers plate + Barra olÃ­mpica  HWM";"PBH150";"Productos";"499990";"8";"0";"1"
"378";"https://pesaschile.cl/clon/2/img/p/1/7/4/3/1743.jpg";"Pack Hell Crossfit";"PHC";"Bumper plate y Barras OlÃ­mpicas";"899990";"1";"0";"1"
"375";"https://pesaschile.cl/clon/2/img/p/1/3/2/4/1324.jpg";"Par Mancuerna Hexagonal HWM 40kg";"MH40";"Productos";"159980";"0";"1";"1"
"374";"https://pesaschile.cl/clon/2/img/p/8/1/8/818.jpg";"Multi Grip X HWM";"BFM";"Productos";"59990";"22";"0";"1"
"373";"https://pesaschile.cl/clon/2/img/p/8/1/6/816.jpg";"Par Spotter Arm Rig HWM";"SS";"Productos";"89990";"3";"0";"1"
"372";"https://pesaschile.cl/clon/2/img/p/8/1/7/817.jpg";"Dip Horn Rig HWM";"SF";"Productos";"69990";"2";"0";"1"
"371";"https://pesaschile.cl/clon/2/img/p/8/1/5/815.jpg";"Mounted Rig 2x4 HWM";"EP3";"Productos";"599990";"0";"1";"1"
"370";"https://pesaschile.cl/clon/2/img/p/8/1/9/819.jpg";"PACK GYM PRO ONE";"";"Productos";"7999990";"5";"0";"1"
"369";"https://pesaschile.cl/clon/2/img/p/1/6/2/1/1621.jpg";"Curl Femoral Sentado MO";"MO-5600";"Maquinas Alto Trafico OBELIX";"799990";"3";"0";"1"
"368";"https://pesaschile.cl/clon/2/img/p/8/0/5/805.jpg";"Trotadora Obelix";"XR-3000";"Maquinas y equipamiento";"1800000";"0";"1";"1"
"367";"https://pesaschile.cl/clon/2/img/p/1/3/6/7/1367.jpg";"Prensa de Piernas Obelix";"MO-5000";"Maquinas Alto Trafico OBELIX";"1499990";"0";"1";"1"
"366";"https://pesaschile.cl/clon/2/img/p/1/7/2/6/1726.jpg";"Atril de Sentadillas MO";"MO-5300";"Maquinas Alto Trafico OBELIX";"399990";"4";"0";"1"
"365";"https://pesaschile.cl/clon/2/img/p/1/0/3/6/1036.jpg";"Dorsalera/Remo Obelix";"MO-3550";"Maquinas Alto Trafico OBELIX";"999990";"0";"1";"1"
"364";"https://pesaschile.cl/clon/2/img/p/8/0/1/801.jpg";"TRX PRO Kit";"TRXA";"Productos";"49990";"76";"0";"1"
"363";"https://pesaschile.cl/clon/2/img/p/8/0/0/800.jpg";"TRX Force Kit Tactical";"TRXC";"Bandas de suspensiÃ³n";"49990";"75";"0";"1"
"362";"https://pesaschile.cl/clon/2/img/p/1/6/2/0/1620.jpg";"Aperturas MO";"MO-4800";"Maquinas Alto Trafico OBELIX";"899990";"2";"0";"1"
"360";"https://pesaschile.cl/clon/2/img/p/1/6/0/0/1600.jpg";"Press Banco Inclinado MO";"MO-4100";"Maquinas Alto Trafico OBELIX";"399990";"2";"0";"1"
"359";"https://pesaschile.cl/clon/2/img/p/1/7/3/4/1734.jpg";"Press Banco Plano MO";"MO-4000";"Productos";"349990";"4";"0";"1"
"358";"https://pesaschile.cl/clon/2/img/p/1/6/1/2/1612.jpg";"Polea Cruzada MO";"MO-6500";"Maquinas Alto Trafico OBELIX";"1199990";"5";"0";"1"
"357";"https://pesaschile.cl/clon/2/img/p/1/6/0/3/1603.jpg";"Press de TrÃ­ceps MO";"MO-2600";"Maquinas Alto Trafico OBELIX";"899990";"3";"0";"1"
"354";"https://pesaschile.cl/clon/2/img/p/7/6/9/769.jpg";"SET HOME";"";"Productos";"29990";"0";"1";"1"
"353";"https://pesaschile.cl/clon/2/img/p/1/3/6/2/1362.jpg";"Pack Fitness Yoga 2";"PFY2";"Productos";"30990";"16";"0";"1"
"352";"https://pesaschile.cl/clon/2/img/p/1/3/6/1/1361.jpg";"Pack Fitness Yoga";"PFY";"Productos";"29990";"13";"0";"1"
"351";"https://pesaschile.cl/clon/2/img/p/1/0/4/8/1048.jpg";"Cubo Magnesio 56gr";"CMG";"Productos";"1990";"44";"0";"1"
"350";"https://pesaschile.cl/clon/2/img/p/1/5/9/7/1597.jpg";"Press de Hombro MO";"MO-2700";"Maquinas Alto Trafico OBELIX";"899990";"2";"0";"1"
"349";"https://pesaschile.cl/clon/2/img/p/1/3/5/7/1357.jpg";"PACK CALISTENIA";"PCAL";"Productos";"69990";"6";"0";"1"
"348";"https://pesaschile.cl/clon/2/img/p/1/2/0/6/1206.jpg";"Foam Roller HWM";"FR2";"Funcional y crossfit";"15990";"68";"0";"1"
"347";"https://pesaschile.cl/clon/2/img/p/6/7/9/679.jpg";"Punching Bag 120 cm";"";"Productos";"29990";"9";"0";"1"
"346";"https://pesaschile.cl/clon/2/img/p/1/1/4/0/1140.jpg";"Piso caucho alto trafico 25mm";"";"Productos";"26990";"9";"0";"1"
"345";"https://pesaschile.cl/clon/2/img/p/6/7/2/672.jpg";"Trineo de arrastre HWM";"";"Productos";"119990";"0";"1";"1"
"344";"https://pesaschile.cl/clon/2/img/p/6/7/1/671.jpg";"Banquillo Inclinable Declinable Hell Serie HWM";"MBDR";"Productos";"179990";"28";"0";"1"
"343";"https://pesaschile.cl/clon/2/img/p/1/2/4/1/1241.jpg";"Jaula HWM profesional Hell Serie";"MJHWM2";"Accesorios";"399990";"9";"0";"1"
"342";"https://pesaschile.cl/clon/2/img/p/6/6/9/669.jpg";"Rack Dominadas Promachine";"PK020";"Productos";"249990";"14";"0";"1"
"341";"https://pesaschile.cl/clon/2/img/p/7/3/9/739.jpg";"X Mount";"TRX00";"Productos";"9990";"28";"0";"1"
"340";"https://pesaschile.cl/clon/2/img/p/1/4/2/4/1424.jpg";"Bicicleta Spinning  OBELIX";"SPO";"Maquinas y equipamiento";"349990";"0";"1";"1"
"339";"https://pesaschile.cl/clon/2/img/p/6/6/3/663.jpg";"CuÃ¡driceps y Femorales";"UB001";"Productos";"229990";"0";"1";"1"
"338";"https://pesaschile.cl/clon/2/img/p/6/6/2/662.jpg";"Pantorrillera Promachine";"SUB038";"Productos";"199990";"11";"0";"1"
"337";"https://pesaschile.cl/clon/2/img/p/1/3/4/5/1345.jpg";"Pack Press Banco con Barra y Discos";"PPBD";"Pack y Promociones";"399990";"19";"0";"1"
"335";"https://pesaschile.cl/clon/2/img/p/1/3/2/2/1322.jpg";"Press Banco OlÃ­mpico Regulable con Soporte de Sentadillas";"PPO";"Productos";"199990";"22";"0";"1"
"334";"https://pesaschile.cl/clon/2/img/p/1/1/3/4/1134.jpg";"Kettlebell Vinilo Acero 10Kg";"KVA10";"Productos";"18500";"0";"1";"1"
"333";"https://pesaschile.cl/clon/2/img/p/1/5/1/8/1518.jpg";"Kettlebell Vinilo Acero 16Kg";"KVA16";"Productos";"27990";"0";"1";"1"
"332";"https://pesaschile.cl/clon/2/img/p/1/1/3/2/1132.jpg";"Kettlebell Vinilo Acero 12Kg";"KVA12";"Productos";"20990";"26";"0";"1"
"330";"https://pesaschile.cl/clon/2/img/p/1/1/3/1/1131.jpg";"Kettlebell Vinilo Acero 8Kg";"KVA08";"Productos";"13990";"21";"0";"1"
"329";"https://pesaschile.cl/clon/2/img/p/1/2/8/2/1282.jpg";"Kettlebell Vinilo Acero 4Kg";"KVA04";"Productos";"6990";"18";"0";"1"
"328";"https://pesaschile.cl/clon/2/img/p/1/3/2/5/1325.jpg";"Par Mancuerna Hexagonal 35kg";"MH35";"Mancuernas Hexagonales";"139980";"10";"0";"1"
"327";"https://pesaschile.cl/clon/2/img/p/1/1/7/3/1173.jpg";"Pack Bandas de Resistencia";"BC100";"Bandas de suspensiÃ³n";"45000";"8";"0";"1"
"326";"https://pesaschile.cl/clon/2/img/p/1/1/7/2/1172.jpg";"Banda de Resistencia 45mm";"BC45";"Accesorios";"19990";"48";"0";"1"
"325";"https://pesaschile.cl/clon/2/img/p/1/1/7/1/1171.jpg";"Banda de Resistencia 32mm";"BC32";"Accesorios";"14990";"44";"0";"1"
"324";"https://pesaschile.cl/clon/2/img/p/1/1/7/0/1170.jpg";"Banda de Resistencia 22mm";"BC22";"Accesorios";"9990";"40";"0";"1"
"323";"https://pesaschile.cl/clon/2/img/p/1/1/6/9/1169.jpg";"Banda de Resistencia 13mm";"BC13";"Accesorios";"7990";"41";"0";"1"
"322";"https://pesaschile.cl/clon/2/img/p/6/2/2/622.jpg";"Foam Roller";"FR";"Fitness";"14990";"0";"1";"1"
"321";"https://pesaschile.cl/clon/2/img/p/1/7/6/9/1769.jpg";"Set SandBag HWM";"PSB";"HWM PACK";"120000";"10";"0";"1"
"320";"https://pesaschile.cl/clon/2/img/p/6/1/7/617.jpg";"SandBag 25kg HWM";"SBS25";"Productos";"34990";"20";"0";"1"
"319";"https://pesaschile.cl/clon/2/img/p/1/7/7/2/1772.jpg";"SandBag 15kg HWM";"SB15";"Productos";"31990";"14";"0";"1"
"318";"https://pesaschile.cl/clon/2/img/p/1/7/7/1/1771.jpg";"SandBag 10kg HWM";"SB10";"Productos";"29990";"15";"0";"1"
"317";"https://pesaschile.cl/clon/2/img/p/1/7/7/0/1770.jpg";"SandBag 20kg HWM";"SB20";"Productos";"33990";"11";"0";"1"
"316";"https://pesaschile.cl/clon/2/img/p/1/1/6/0/1160.jpg";"Barra Hexagonal HWM OlÃ­mpica";"BOH";"Productos";"129990";"9";"0";"1"
"314";"https://pesaschile.cl/clon/2/img/p/1/6/4/7/1647.jpg";"RACK + 10 PAR MANCUERNAS";"RH10";"Productos";"649990";"3";"0";"1"
"313";"https://pesaschile.cl/clon/2/img/p/1/5/6/3/1563.jpg";"Barra Profesional Elite Serie 20kg  HWM";"BOEH";"Productos";"179990";"24";"0";"1"
"312";"https://pesaschile.cl/clon/2/img/p/1/1/3/9/1139.jpg";"MuÃ±equeras";"M";"Indumentaria";"5990";"288";"0";"1"
"311";"https://pesaschile.cl/clon/2/img/p/5/6/6/566.jpg";"Toma Abierta para Dominada";"TAD";"Productos";"29990";"18";"0";"1"
"310";"https://pesaschile.cl/clon/2/img/p/1/7/3/0/1730.jpg";"Power Pro Pack Engomado";"PPPE";"Peso libre";"499990";"7";"0";"1"
"309";"https://pesaschile.cl/clon/2/img/p/1/2/5/4/1254.jpg";"Pack Acero Olimpico 107.5kg ";"PA";"Pack y Promociones";"129990";"4";"0";"1"
"308";"https://pesaschile.cl/clon/2/img/p/5/3/0/530.jpg";"Banco Scott Promachine";"UB006";"Productos";"159990";"1";"0";"1"
"307";"https://pesaschile.cl/clon/2/img/p/5/2/9/529.jpg";"Leg Press /Hack Squat";"HM028B";"Productos";"739990";"0";"1";"1"
"306";"https://pesaschile.cl/clon/2/img/p/5/2/8/528.jpg";"Remo Contrapeso Promachine";"MRC";"Productos";"242990";"0";"1";"1"
"305";"https://pesaschile.cl/clon/2/img/p/5/2/7/527.jpg";"Maquina Fly contrapeso";"SUB023";"Productos";"249990";"0";"1";"1"
"304";"https://pesaschile.cl/clon/2/img/p/5/2/6/526.jpg";"Polea Alta / Remo Promachine";"HM020";"Productos";"299990";"15";"0";"1"
"303";"https://pesaschile.cl/clon/2/img/p/5/2/5/525.jpg";"Banquillo Simple HWM ";"SUB013";"Productos";"65990";"0";"1";"1"
"302";"https://pesaschile.cl/clon/2/img/p/5/6/4/564.jpg";"Press Banco PreolÃ­mpico Regulable Promachine";"BN025";"Productos";"79990";"16";"0";"1"
"301";"https://pesaschile.cl/clon/2/img/p/1/1/5/4/1154.jpg";"Par Mancuerna Hexagonal HWM 17.5kg";"MH175";"Productos";"69980";"36";"0";"1"
"300";"https://pesaschile.cl/clon/2/img/p/1/1/5/3/1153.jpg";"ParMancuerna Hexagonal HWM 12.5kg";"MH125";"Productos";"49980";"36";"0";"1"
"299";"https://pesaschile.cl/clon/2/img/p/1/1/5/2/1152.jpg";"Par Mancuerna Hexagonal HWM 7.5kg";"MH075";"Productos";"29980";"26";"0";"1"
"298";"https://pesaschile.cl/clon/2/img/p/1/1/5/1/1151.jpg";"Par Mancuerna Hexagonal HWM 2,5kg";"MH025";"Productos";"9980";"48";"0";"1"
"297";"https://pesaschile.cl/clon/2/img/p/5/3/8/538.jpg";"Pack Banco OlÃ­mpico + Barra y discos";"";"Pack y Promociones";"529990";"5";"0";"1"
"296";"https://pesaschile.cl/clon/2/img/p/5/1/1/511.jpg";"Banco OlÃ­mpico/atril";"";"Productos";"249990";"0";"1";"1"
"295";"https://pesaschile.cl/clon/2/img/p/1/1/5/8/1158.jpg";"Almohadilla Para Barra";"HB";"Accesorios";"9990";"28";"0";"1"
"294";"https://pesaschile.cl/clon/2/img/p/1/1/6/6/1166.jpg";"Speed Rope HWM";"CSSRH";"Funcional y crossfit";"3990";"88";"0";"1"
"293";"https://pesaschile.cl/clon/2/img/p/1/5/5/8/1558.jpg";"Barra Training Serie 20kg HWM";"BORT";"Productos";"139990";"89";"0";"1"
"292";"https://pesaschile.cl/clon/2/img/p/5/0/4/504.jpg";"Soga para trÃ­ceps/biceps";"STB";"Productos";"19990";"33";"0";"1"
"291";"https://pesaschile.cl/clon/2/img/p/1/1/6/7/1167.jpg";"Toma Remo para Polea";"TRP";"Productos";"19990";"26";"0";"1"
"290";"https://pesaschile.cl/clon/2/img/p/5/0/3/503.jpg";"Toma una Mano para Poleas";"TMP";"Productos";"14990";"17";"0";"1"
"289";"https://pesaschile.cl/clon/2/img/p/5/0/0/500.jpg";"Atril de discos OlÃ­mpicos";"ADO";"Productos";"164990";"19";"0";"1"
"288";"https://pesaschile.cl/clon/2/img/p/1/1/5/0/1150.jpg";"Par Mancuerna Hexagonal HWM 22.5kg";"MH225";"Productos";"89980";"18";"0";"1"
"286";"https://pesaschile.cl/clon/2/img/p/1/1/6/8/1168.jpg";"Calleras";"CA";"Accesorios";"9990";"191";"0";"1"
"285";"https://pesaschile.cl/clon/2/img/p/6/3/2/632.jpg";"Par D.Acero Olimpicos 1,25Kg ";"DOA0125";"Discos";"3180";"15";"0";"1"
"284";"https://pesaschile.cl/clon/2/img/p/1/4/2/0/1420.jpg";"Pack Smith Machine + banquillo + Engomados";"PSBE";"Productos";"789990";"9";"0";"1"
"283";"https://pesaschile.cl/clon/2/img/p/1/1/6/4/1164.jpg";"BalÃ³n Medicinal Sin Bote  5kg";"BSB05";"Productos";"28990";"37";"0";"1"
"282";"https://pesaschile.cl/clon/2/img/p/1/4/2/3/1423.jpg";"Bicicleta Sp2 Promachine";"SP2P";"Maquinas y equipamiento";"179990";"7";"0";"1"
"276";"https://pesaschile.cl/clon/2/img/p/1/7/2/8/1728.jpg";"Power Pack Acero";"PPPA";"OlÃ­mpicos";"449990";"7";"0";"1"
"275";"https://pesaschile.cl/clon/2/img/p/7/2/4/724.jpg";"Anillas olimpicas Madera";"BSA2";"Productos";"29990";"82";"0";"1"
"274";"https://pesaschile.cl/clon/2/img/p/7/3/1/731.jpg";"Cuerda Battle Rope";"CBR";"Productos";"49990";"13";"0";"1"
"273";"https://pesaschile.cl/clon/2/img/p/7/2/3/723.jpg";"Cuerda de trepar Yute ";"CY";"Productos";"49990";"10";"0";"1"
"272";"https://pesaschile.cl/clon/2/img/p/5/1/0/510.jpg";"Trx Alternativo";"";"Productos";"17990";"10";"0";"1"
"271";"https://pesaschile.cl/clon/2/img/p/1/0/3/9/1039.jpg";"Rep Timer";"RT";"Productos";"169990";"13";"0";"1"
"270";"https://pesaschile.cl/clon/2/img/p/8/3/8/838.jpg";"GHD HWM";"MGHDH";"Productos";"279990";"15";"0";"1"
"269";"https://pesaschile.cl/clon/2/img/p/4/5/9/459.jpg";"Half Power Rack HWM";"PK041";"Accesorios";"239990";"14";"0";"1"
"267";"https://pesaschile.cl/clon/2/img/p/1/6/5/1/1651.jpg";"RACK + 8 PAR MANCUERNA";"RH08";"Productos";"479990";"19";"0";"1"
"266";"https://pesaschile.cl/clon/2/img/p/7/5/8/758.jpg";"esquinero de caucho";"";"Productos";"1990";"0";"1";"1"
"265";"https://pesaschile.cl/clon/2/img/p/.jpg";"orilla de caucho";"";"Productos";"2990";"0";"1";"1"
"264";"https://pesaschile.cl/clon/2/img/p/1/5/9/2/1592.jpg";"Barras Paralelas Cortas 17 cm";"P40";"Equipamiento";"24990";"29";"0";"1"
"263";"https://pesaschile.cl/clon/2/img/p/5/0/1/501.jpg";"Barras Paralelas 70cm";"P70";"Productos";"39990";"23";"0";"1"
"259";"https://pesaschile.cl/clon/2/img/p/4/4/7/447.jpg";"Barra OlÃ­mpica 1.5 mt";"BORC";"Productos";"39990";"36";"0";"1"
"256";"https://pesaschile.cl/clon/2/img/p/1/6/4/1/1641.jpg";"Body-Pump set Profesional";"SBP";"Pack y Promociones";"49990";"150";"0";"1"
"254";"https://pesaschile.cl/clon/2/img/p/1/2/7/1/1271.jpg";"Hand Grip Regulable Pro";"HG6";"Productos";"7990";"0";"1";"1"
"253";"https://pesaschile.cl/clon/2/img/p/1/1/4/1/1141.jpg";"Piso de caucho 15mm 50 x 50 CM";"";"Productos";"8990";"0";"1";"1"
"251";"https://pesaschile.cl/clon/2/img/p/6/3/0/630.jpg";"Banco inclinado";"";"Productos";"119990";"0";"1";"1"
"250";"https://pesaschile.cl/clon/2/img/p/4/5/5/455.jpg";"Banquillo inclinable declinable HWM";"SUB018";"Equipamiento";"189990";"2";"0";"1"
"249";"https://pesaschile.cl/clon/2/img/p/1/5/1/1/1511.jpg";"Polea Cruzada JR";"PM030J";"Productos";"199990";"6";"0";"1"
"248";"https://pesaschile.cl/clon/2/img/p/1/7/3/6/1736.jpg";"Atril de sentadillas Promachine";"RA033R";"Productos";"79990";"15";"0";"1"
"247";"https://pesaschile.cl/clon/2/img/p/4/3/1/431.jpg";"MÃ¡quina de Smith";"PK007";"Productos";"499990";"0";"1";"1"
"243";"https://pesaschile.cl/clon/2/img/p/4/2/1/421.jpg";"Saco bÃºlgaro";"";"Productos";"21000";"0";"1";"1"
"242";"https://pesaschile.cl/clon/2/img/p/6/3/1/631.jpg";"Cinturon lumbar HWM";"CLH";"OlÃ­mpicos";"24990";"204";"0";"1"
"241";"https://pesaschile.cl/clon/2/img/p/1/3/4/7/1347.jpg";"Pack Barra Training +170LB Crumb HWM";"PDOCT";"OlÃ­mpicos";"359990";"11";"0";"1"
"240";"https://pesaschile.cl/clon/2/img/p/4/1/7/417.jpg";"Vallas de entrenamiento";"";"Productos";"3990";"38";"0";"1"
"237";"https://pesaschile.cl/clon/2/img/p/4/1/5/415.jpg";"Pack Hard Mastodonte ";"PMH";"Pack y Promociones";"84990";"6";"0";"1"
"236";"https://pesaschile.cl/clon/2/img/p/1/1/7/4/1174.jpg";"Speed Rope";"CSSR";"Productos";"2990";"0";"1";"1"
"235";"https://pesaschile.cl/clon/2/img/p/4/1/3/413.jpg";"Pack Lentejas 50 unidades";"FIL";"Equipamiento";"19990";"14";"0";"1"
"234";"https://pesaschile.cl/clon/2/img/p/8/3/3/833.jpg";"Jaula de Potencia";"PK001";"Productos";"249990";"3";"0";"1"
"233";"https://pesaschile.cl/clon/2/img/p/4/0/7/407.jpg";"Chaleco de lastre 5kg";"CL05";"Productos";"24990";"2";"0";"1"
"232";"https://pesaschile.cl/clon/2/img/p/4/1/2/412.jpg";"Par Disco Mastodonte 10Kg";"DPM10";"Peso libre";"20000";"13";"0";"1"
"231";"https://pesaschile.cl/clon/2/img/p/1/0/7/9/1079.jpg";"Set Bumpers plate 100kg. (220 lb)";"PB100";"HWM PACK";"225000";"4";"0";"1"
"229";"https://pesaschile.cl/clon/2/img/p/1/5/5/5/1555.jpg";"Barra Monster HWM 20KG";"BOMH";"OlÃ­mpicos";"219990";"0";"1";"1"
"226";"https://pesaschile.cl/clon/2/img/p/4/0/3/403.jpg";"Pack IniciaciÃ³n Mastodonte ";"PMI";"Pack y Promociones";"54990";"4";"0";"1"
"225";"https://pesaschile.cl/clon/2/img/p/1/4/5/7/1457.jpg";"Mancuerna Barbell 26.8 kg";"";"Mancuernas Completas";"37490";"15";"0";"1"
"221";"https://pesaschile.cl/clon/2/img/p/1/0/4/2/1042.jpg";"Discos Barbell 1 kg X 2UN ";"DPB01";"Productos";"2600";"48";"0";"1"
"213";"https://pesaschile.cl/clon/2/img/p/3/2/0/320.jpg";"Barra Romana OlÃ­mpica";"BORO";"OlÃ­mpicos";"39990";"5";"0";"1"
"212";"https://pesaschile.cl/clon/2/img/p/3/1/9/319.jpg";"Barra W OlÃ­mpica ";"BOW";"OlÃ­mpicos";"44990";"0";"1";"1"
"211";"https://pesaschile.cl/clon/2/img/p/3/1/7/317.jpg";"Kettlebell Acero 28Kg";"KA28";"Productos";"51800";"7";"0";"1"
"210";"https://pesaschile.cl/clon/2/img/p/3/1/6/316.jpg";"Kettlebell Acero 24Kg";"KA24";"Productos";"44400";"7";"0";"1"
"206";"https://pesaschile.cl/clon/2/img/p/1/3/5/4/1354.jpg";"Rueda Abdominal";"FIRA";"Productos";"4990";"435";"0";"1"
"205";"https://pesaschile.cl/clon/2/img/p/1/7/8/5/1785.jpg";"Colchoneta de alto trafico";"FICL";"Productos";"14990";"64";"0";"1"
"203";"https://pesaschile.cl/clon/2/img/p/1/1/4/2/1142.jpg";"Set de Tubos de ExpansiÃ³n";"SET";"Fitness";"19990";"14";"0";"1"
"202";"https://pesaschile.cl/clon/2/img/p/1/1/1/9/1119.jpg";"Ab Mat";"FIAM";"Funcional y crossfit";"9990";"26";"0";"1"
"200";"https://pesaschile.cl/clon/2/img/p/1/0/7/1/1071.jpg";"Par Bumper Plate 10kg";"DOB10";"Discos";"47980";"16";"0";"1"
"199";"https://pesaschile.cl/clon/2/img/p/1/0/6/9/1069.jpg";"Par Bumper Plate 5kg";"DOB05";"Discos";"35980";"12";"0";"1"
"198";"https://pesaschile.cl/clon/2/img/p/1/0/7/3/1073.jpg";"Par Bumper Plate 15kg";"DOB15";"Discos";"63980";"16";"0";"1"
"197";"https://pesaschile.cl/clon/2/img/p/1/0/7/7/1077.jpg";"Par Bumper Plate 25kg";"DOB25";"Discos";"109980";"0";"1";"1"
"196";"https://pesaschile.cl/clon/2/img/p/1/0/7/5/1075.jpg";"Par Bumper Plate 20kg";"DOB20";"Discos";"93980";"11";"0";"1"
"195";"https://pesaschile.cl/clon/2/img/p/1/3/2/3/1323.jpg";"Par Mancuerna Hexagonal HWM 30kg";"MH30";"Productos";"119980";"10";"0";"1"
"194";"https://pesaschile.cl/clon/2/img/p/1/1/4/9/1149.jpg";"Par Mancuerna Hexagonal HWM 25kg";"MH25";"Productos";"99980";"49";"0";"1"
"193";"https://pesaschile.cl/clon/2/img/p/1/1/4/8/1148.jpg";"Par Mancuerna Hexagonal HWM  20kg";"MH20";"Productos";"79980";"12";"0";"1"
"192";"https://pesaschile.cl/clon/2/img/p/1/1/4/7/1147.jpg";"Par Mancuerna Hexagonal HWM 15kg";"MH15";"Productos";"59980";"47";"0";"1"
"191";"https://pesaschile.cl/clon/2/img/p/1/1/4/6/1146.jpg";"Par Mancuerna Hexagonal HWM  10kg";"MH10";"Productos";"39980";"57";"0";"1"
"190";"https://pesaschile.cl/clon/2/img/p/1/1/4/5/1145.jpg";"Par Mancuerna Hexagonal HWM 5kg";"MH05";"Productos";"19980";"48";"0";"1"
"188";"https://pesaschile.cl/clon/2/img/p/3/6/2/362.jpg";"Kettlebell HWM 16kg";"KP16";"Kettlebells";"49990";"0";"1";"1"
"187";"https://pesaschile.cl/clon/2/img/p/3/7/3/373.jpg";"Kettlebell HWM 24kg";"KP24";"Productos";"69990";"0";"1";"1"
"186";"https://pesaschile.cl/clon/2/img/p/3/6/0/360.jpg";"Kettlebell HWM 12kg";"KP12";"Kettlebells";"39990";"0";"1";"1"
"185";"https://pesaschile.cl/clon/2/img/p/3/5/9/359.jpg";"Kettlebell HWM 8kg";"KP08";"Kettlebells";"29990";"0";"1";"1"
"184";"https://pesaschile.cl/clon/2/img/p/4/9/7/497.jpg";"Mancuerna Mastodonte 21.8 kg";"";"Mancuernas Completas";"24990";"4";"0";"1"
"183";"https://pesaschile.cl/clon/2/img/p/4/9/6/496.jpg";"Mancuerna Mastodonte 16.8 kg";"";"Mancuernas Completas";"19990";"7";"0";"1"
"182";"https://pesaschile.cl/clon/2/img/p/4/9/5/495.jpg";"Mancuerna Mastodonte 14.3kg";"";"Mancuernas Completas";"17490";"20";"0";"1"
"181";"https://pesaschile.cl/clon/2/img/p/4/9/4/494.jpg";"Mancuerna Mastodonte 11.8kg";"";"Productos";"14990";"10";"0";"1"
"180";"https://pesaschile.cl/clon/2/img/p/4/9/3/493.jpg";"Mancuerna Mastodonte 9.3kg";"";"Mancuernas Completas";"12490";"6";"0";"1"
"179";"https://pesaschile.cl/clon/2/img/p/4/9/2/492.jpg";"Mancuerna Mastodonte 6.8 kg";"";"Mancuernas Completas";"9990";"26";"0";"1"
"178";"https://pesaschile.cl/clon/2/img/p/4/9/1/491.jpg";"Mancuerna Mastodonte 4.3 kg";"";"Mancuernas Completas";"7490";"15";"0";"1"
"177";"https://pesaschile.cl/clon/2/img/p/1/4/5/8/1458.jpg";"Mancuerna Barbell 16.8 kg";"";"Mancuernas Completas";"24990";"10";"0";"1"
"176";"https://pesaschile.cl/clon/2/img/p/1/4/5/9/1459.jpg";"Mancuerna Barbell 15.8 kg";"";"Mancuernas Completas";"23190";"8";"0";"1"
"175";"https://pesaschile.cl/clon/2/img/p/1/4/5/6/1456.jpg";"Mancuerna Barbell 13.8 kg";"";"Mancuernas Completas";"20590";"10";"0";"1"
"174";"https://pesaschile.cl/clon/2/img/p/1/4/5/5/1455.jpg";"Mancuerna Barbell 11.8 kg";"";"Mancuernas Completas";"17990";"10";"0";"1"
"173";"https://pesaschile.cl/clon/2/img/p/1/4/5/4/1454.jpg";"Mancuerna Barbell 9.8 kg";"";"Mancuernas Completas";"15390";"9";"0";"1"
"172";"https://pesaschile.cl/clon/2/img/p/1/4/5/3/1453.jpg";"Mancuerna Barbell 7.8 kg";"";"Mancuernas Completas";"12790";"5";"0";"1"
"171";"https://pesaschile.cl/clon/2/img/p/1/4/5/2/1452.jpg";"Mancuerna Barbell  5.8 kg";"";"Mancuernas Completas";"10190";"7";"0";"1"
"170";"https://pesaschile.cl/clon/2/img/p/1/4/5/1/1451.jpg";"Mancuerna Barbell 21.8 kg";"";"Mancuernas Completas";"30990";"4";"0";"1"
"168";"https://pesaschile.cl/clon/2/img/p/7/1/3/713.jpg";"Pesos MuÃ±eca Tobillo 2,5kg(2 unidades)";"PM2.5";"Productos";"9990";"39";"0";"1"
"167";"https://pesaschile.cl/clon/2/img/p/1/1/6/3/1163.jpg";"BalÃ³n Medicinal Sin Bote 9kg";"BSB09";"Pesas Day";"32990";"37";"0";"1"
"166";"https://pesaschile.cl/clon/2/img/p/1/1/6/2/1162.jpg";"BalÃ³n Medicinal Sin Bote 10kg";"BSB10";"Productos";"33990";"45";"0";"1"
"164";"https://pesaschile.cl/clon/2/img/p/1/1/6/1/1161.jpg";"BalÃ³n Medicinal Sin Bote 7kg";"BSB07";"Productos";"30990";"47";"0";"1"
"161";"https://pesaschile.cl/clon/2/img/p/1/3/4/4/1344.jpg";"Pack OlÃ­mpico Engomado con Barra";"PEB";"Pack y Promociones";"199990";"7";"0";"1"
"160";"https://pesaschile.cl/clon/2/img/p/6/5/0/650.jpg";"Pack Acero OlÃ­mpico 107.5";"PAB";"Pack y Promociones";"169990";"8";"0";"1"
"159";"https://pesaschile.cl/clon/2/img/p/1/3/5/9/1359.jpg";"Pack Kettlebell Vinilo Full";"PKVF";"Productos";"119990";"4";"0";"1"
"157";"https://pesaschile.cl/clon/2/img/p/3/6/5/365.jpg";"Pack Kettbells HWM Light ";"";"Productos";"134990";"6";"0";"1"
"153";"https://pesaschile.cl/clon/2/img/p/1/0/8/0/1080.jpg";"Set Bumpers plate 150kg. (320 Lb)";"PB150";"HWM PACK";"330000";"6";"0";"1"
"152";"https://pesaschile.cl/clon/2/img/p/7/0/9/709.jpg";"Bumpers plate + Barra olÃ­mpica Elite HWM";"PBH100";"Productos";"399990";"9";"0";"1"
"151";"https://pesaschile.cl/clon/2/img/p/1/7/2/5/1725.jpg";"Set Balones Medicinales 31KG";"PBMP";"Balones medicinales";"115000";"7";"0";"1"
"150";"https://pesaschile.cl/clon/2/img/p/8/0/7/807.jpg";"Trampolin de entrenamiento";"FIMT";"Productos";"24990";"0";"1";"1"
"149";"https://pesaschile.cl/clon/2/img/p/9/0/2/902.jpg";"Step AerÃ³bico ";"FISA";"Fitness";"16990";"89";"0";"1"
"148";"https://pesaschile.cl/clon/2/img/p/1/1/8/0/1180.jpg";"Par Mancuerna PVC 3 Kg";"MP03";"Productos";"13990";"2";"0";"1"
"147";"https://pesaschile.cl/clon/2/img/p/1/1/7/9/1179.jpg";"Par Mancuerna PVC 2,5 Kg";"MP025";"Fitness";"11990";"4";"0";"1"
"146";"https://pesaschile.cl/clon/2/img/p/1/1/7/8/1178.jpg";"Par Mancuerna PVC 2 Kg";"MP02";"Productos";"7990";"0";"1";"1"
"145";"https://pesaschile.cl/clon/2/img/p/1/1/7/7/1177.jpg";"Par Mancuerna PVC 1,5 Kg";"MP015";"Productos";"6990";"2";"0";"1"
"144";"https://pesaschile.cl/clon/2/img/p/1/1/8/1/1181.jpg";"Par Mancuerna PVC 1 Kg";"MP01";"Productos";"3990";"0";"1";"1"
"142";"https://pesaschile.cl/clon/2/img/p/1/2/7/8/1278.jpg";"Matt de Yoga";"FIM";"Fitness";"8990";"32";"0";"1"
"136";"https://pesaschile.cl/clon/2/img/p/2/1/4/214.jpg";"Colchoneta";"FIC";"Productos";"9990";"559";"0";"1"
"135";"https://pesaschile.cl/clon/2/img/p/1/7/8/7/1787.jpg";"Bosu";"B012";"Fitness";"49990";"64";"0";"1"
"134";"https://pesaschile.cl/clon/2/img/p/7/9/2/792.jpg";"Banda ElÃ¡stica Aerobica Hard";"BE065";"Fitness";"4990";"0";"1";"1"
"133";"https://pesaschile.cl/clon/2/img/p/1/5/1/9/1519.jpg";"Rodillera Mac David Protector";"";"Funcional y crossfit";"23990";"6";"0";"1"
"132";"https://pesaschile.cl/clon/2/img/p/1/3/1/3/1313.jpg";"Expander Tube Reforzado";"FIETR";"Fitness";"6990";"15";"0";"1"
"130";"https://pesaschile.cl/clon/2/img/p/1/3/1/2/1312.jpg";"Expander Tube BÃ¡sico";"FIETB";"Fitness";"4990";"15";"0";"1"
"129";"https://pesaschile.cl/clon/2/img/p/1/1/2/2/1122.jpg";"BalÃ³n Pilates 75 cm";"BP75";"Funcional y crossfit";"9990";"194";"0";"1"
"128";"https://pesaschile.cl/clon/2/img/p/1/1/2/1/1121.jpg";"BalÃ³n Pilates 65 cm";"BP65";"Productos";"8990";"194";"0";"1"
"127";"https://pesaschile.cl/clon/2/img/p/1/1/2/0/1120.jpg";"BalÃ³n Pilates 55 cm";"BP55";"Pesas Day";"7990";"198";"0";"1"
"125";"https://pesaschile.cl/clon/2/img/p/5/3/2/532.jpg";"Par Discos Acero 2Kg Promachine";"DPP02";"Peso libre";"5200";"0";"1";"1"
"124";"https://pesaschile.cl/clon/2/img/p/6/2/9/629.jpg";"Press Banca Olimpica Promachine";"MAPPP";"Productos";"179990";"0";"1";"1"
"119";"https://pesaschile.cl/clon/2/img/p/1/2/6/7/1267.jpg";"Banquillo Inclinable Promachine ";"PM017";"Productos";"89990";"0";"1";"1"
"117";"https://pesaschile.cl/clon/2/img/p/6/6/7/667.jpg";"Banquillo Abdominales Regulable Promachine";"MBAR";"Productos";"129990";"0";"1";"1"
"115";"https://pesaschile.cl/clon/2/img/p/1/1/3/7/1137.jpg";"Kettlebell Vinilo 10Kg";"KV10";"Kettlebells";"14990";"0";"1";"1"
"114";"https://pesaschile.cl/clon/2/img/p/1/8/6/186.jpg";"Kettlebell Vinilo 4Kg";"KV04";"Kettlebells";"5190";"0";"1";"1"
"113";"https://pesaschile.cl/clon/2/img/p/1/8/5/185.jpg";"Kettlebell Acero 12Kg";"KA12";"Productos";"22200";"0";"1";"1"
"111";"https://pesaschile.cl/clon/2/img/p/1/8/3/183.jpg";"Kettlebell Acero 4Kg";"KA04";"Productos";"7400";"0";"1";"1"
"110";"https://pesaschile.cl/clon/2/img/p/1/8/2/182.jpg";"Kettlebell Acero 20Kg";"KA20";"Kettlebells";"37000";"0";"1";"1"
"109";"https://pesaschile.cl/clon/2/img/p/1/8/1/181.jpg";"Kettlebell Acero 16Kg";"KA16";"Productos";"29600";"0";"1";"1"
"108";"https://pesaschile.cl/clon/2/img/p/1/1/3/8/1138.jpg";"Kettlebell Vinilo 12Kg";"KV12";"Kettlebells";"15590";"2";"0";"1"
"106";"https://pesaschile.cl/clon/2/img/p/1/1/3/5/1135.jpg";"Kettlebell Vinilo 6Kg";"KV06";"Kettlebells";"8990";"0";"1";"1"
"105";"https://pesaschile.cl/clon/2/img/p/1/7/7/177.jpg";"Kettlebell Vinilo 20Kg";"KV20";"Kettlebells";"29990";"7";"0";"1"
"104";"https://pesaschile.cl/clon/2/img/p/1/1/3/6/1136.jpg";"Kettlebell Vinilo 8Kg";"KV08";"Kettlebells";"10390";"1";"0";"1"
"103";"https://pesaschile.cl/clon/2/img/p/1/7/5/175.jpg";"Kettlebell Vinilo 16Kg";"KV16";"Kettlebells";"23990";"0";"1";"1"
"102";"https://pesaschile.cl/clon/2/img/p/7/7/5/775.jpg";"Par Discos Engomados 20kg";"DOE20";"Productos";"63980";"34";"0";"1"
"101";"https://pesaschile.cl/clon/2/img/p/5/9/6/596.jpg";"Par Discos Engomados 15kg";"DOE15";"Productos";"47980";"50";"0";"1"
"100";"https://pesaschile.cl/clon/2/img/p/5/9/5/595.jpg";"Par Discos Engomados 10kg";"DOE10";"Productos";"31980";"40";"0";"1"
"99";"https://pesaschile.cl/clon/2/img/p/5/9/4/594.jpg";"Par Discos Engomados 5kg";"DOE05";"Productos";"15980";"36";"0";"1"
"98";"https://pesaschile.cl/clon/2/img/p/5/9/3/593.jpg";"Par Discos Engomados 2,5kg";"DOE025";"Productos";"7990";"28";"0";"1"
"97";"https://pesaschile.cl/clon/2/img/p/5/9/2/592.jpg";"Par Discos Engomados 1,25kg";"DOE0125";"Productos";"3990";"34";"0";"1"
"96";"https://pesaschile.cl/clon/2/img/p/1/1/2/6/1126.jpg";"Par Discos Acero OlÃ­mpicos 20Kg";"DOA20";"Discos";"51980";"24";"0";"1"
"95";"https://pesaschile.cl/clon/2/img/p/6/3/5/635.jpg";"Par Discos Acero OlÃ­mpicos 15Kg";"DOA15";"Discos";"38980";"0";"1";"1"
"94";"https://pesaschile.cl/clon/2/img/p/1/1/7/6/1176.jpg";"Par DiscosAcero OlÃ­mpicos 10Kg";"DOA10";"Discos";"25980";"19";"0";"1"
"93";"https://pesaschile.cl/clon/2/img/p/1/1/2/5/1125.jpg";"Par Discos Acero OlÃ­mpicos 5kg";"DOA05";"Discos";"12980";"17";"0";"1"
"92";"https://pesaschile.cl/clon/2/img/p/1/7/5/0/1750.jpg";"Par Discos Acero OlÃ­mpicos 2,5Kg ";"DOA025";"Discos";"6580";"48";"0";"1"
"91";"https://pesaschile.cl/clon/2/img/p/1/1/2/4/1124.jpg";"Collarines HWM";"CO";"Productos";"9990";"188";"0";"1"
"90";"https://pesaschile.cl/clon/2/img/p/3/1/8/318.jpg";"Barra Z OlÃ­mpica ";"BOZ";"Productos";"39990";"0";"1";"1"
"88";"https://pesaschile.cl/clon/2/img/p/1/5/1/5/1515.jpg";"Banco Scott JR";"UB006J";"Equipamiento";"129990";"30";"0";"1"
"87";"https://pesaschile.cl/clon/2/img/p/1/3/8/138.jpg";"Barra OlÃ­mpica Eco";"BORE";"Productos";"44990";"73";"0";"1"
"85";"https://pesaschile.cl/clon/2/img/p/4/0/9/409.jpg";"Par Discos Mastodonte 5Kg";"DPM05";"Peso libre";"10000";"0";"1";"1"
"84";"https://pesaschile.cl/clon/2/img/p/4/0/8/408.jpg";"Par Discos Mastodonte 1,25Kg";"DPM0125";"Peso libre";"2500";"74";"0";"1"
"83";"https://pesaschile.cl/clon/2/img/p/4/1/0/410.jpg";"Par Discos Mastodonte 2,5Kg";"DPM025";"Peso libre";"5000";"61";"0";"1"
"78";"https://pesaschile.cl/clon/2/img/p/5/3/7/537.jpg";"Par Discos Acero Promachine 20kg";"DPP20";"Productos";"52000";"0";"1";"1"
"77";"https://pesaschile.cl/clon/2/img/p/5/3/6/536.jpg";"Par Discos Acero Promachine 15kg";"DPP15";"Peso libre";"39000";"0";"1";"1"
"76";"https://pesaschile.cl/clon/2/img/p/5/3/5/535.jpg";"Par Discos Acero Promachine 10kg";"DPP10";"Peso libre";"30000";"0";"1";"1"
"75";"https://pesaschile.cl/clon/2/img/p/5/3/4/534.jpg";"Par Discos Acero Promachine 5kg";"DPP05";"Peso libre";"13000";"0";"1";"1"
"74";"https://pesaschile.cl/clon/2/img/p/5/3/3/533.jpg";"Par Discos Acero Promachine 3kg";"DPP03";"Productos";"9000";"0";"1";"1"
"73";"https://pesaschile.cl/clon/2/img/p/7/7/4/774.jpg";"Par Discos Acero Promachine 2.5kg";"DPP025";"Peso libre";"6500";"0";"1";"1"
"72";"https://pesaschile.cl/clon/2/img/p/7/7/3/773.jpg";"Par Discos Acero Promachine 1kg";"DPP01";"Pesas Day";"2000";"13";"0";"1"
"71";"https://pesaschile.cl/clon/2/img/p/7/8/3/783.jpg";"Barra Z PreolÃ­mpica";"BPZ";"Productos";"12990";"86";"0";"1"
"70";"https://pesaschile.cl/clon/2/img/p/1/5/9/159.jpg";"Barra W PreolÃ­mpica";"BPW";"Peso libre";"14990";"25";"0";"1"
"69";"https://pesaschile.cl/clon/2/img/p/1/5/7/157.jpg";"Barra Romana PreolÃ­mpica";"BPRO";"Productos";"19990";"16";"0";"1"
"68";"https://pesaschile.cl/clon/2/img/p/1/5/6/156.jpg";"Barra Recta PreolÃ­mpica";"BPR150";"Peso libre";"15990";"114";"0";"1"
"67";"https://pesaschile.cl/clon/2/img/p/1/4/6/0/1460.jpg";"Barra Mancuerna PreolÃ­mpica";"BPM";"Productos";"4990";"44";"0";"1"
"65";"https://pesaschile.cl/clon/2/img/p/7/4/4/744.jpg";"TRX Alterntiva";"BSA";"Productos";"29990";"49";"0";"1"
"63";"https://pesaschile.cl/clon/2/img/p/1/3/1/131.jpg";"Anillas olimpicas";"BSA1";"Productos";"19990";"85";"0";"1"
"61";"https://pesaschile.cl/clon/2/img/p/1/4/1/4/1414.jpg";"Push Up metalico";"PUM";"Productos";"9990";"69";"0";"1"
"60";"https://pesaschile.cl/clon/2/img/p/1/4/0/3/1403.jpg";"Push Up Promachine";"PUP";"Productos";"6990";"88";"0";"1"
"58";"https://pesaschile.cl/clon/2/img/p/1/1/2/9/1129.jpg";"Hand Grip";"HG2";"Productos";"2150";"19";"0";"1"
"57";"https://pesaschile.cl/clon/2/img/p/6/7/7/677.jpg";"Iron Gym Xtreme Generic";"BP200";"Productos";"15990";"0";"1";"1"
"54";"https://pesaschile.cl/clon/2/img/p/1/2/6/8/1268.jpg";"Hand Grip Mango Esponja x2 UN";"HG5";"Productos";"2490";"20";"0";"1"
"51";"https://pesaschile.cl/clon/2/img/p/1/1/1/111.jpg";"Escalera Agilidad";"FIEC";"Productos";"19990";"29";"0";"1"
"48";"https://pesaschile.cl/clon/2/img/p/1/4/3/7/1437.jpg";"Cuerda de salto con rodamientos";"CSP";"Productos";"2990";"94";"0";"1"
"43";"https://pesaschile.cl/clon/2/img/p/1/2/3/9/1239.jpg";"Punching Bag Grande";"DCPG";"Productos";"29990";"0";"1";"1"
"38";"https://pesaschile.cl/clon/2/img/p/6/9/7/697.jpg";"Pesos Tobillo muÃ±eca 2 kg (2 unidades)";"PM2";"Productos";"6990";"79";"0";"1"
"35";"https://pesaschile.cl/clon/2/img/p/9/2/92.jpg";"Chaleco de lastre 20kg";"CL20";"Productos";"36990";"4";"0";"1"
"34";"https://pesaschile.cl/clon/2/img/p/9/1/91.jpg";"Chaleco de lastre 15kg";"CL15";"Productos";"31990";"4";"0";"1"
"33";"https://pesaschile.cl/clon/2/img/p/9/0/90.jpg";"Chaleco de lastre 10kg";"CL10";"Productos";"26990";"3";"0";"1"
"32";"https://pesaschile.cl/clon/2/img/p/1/5/1/4/1514.jpg";"Remo Contrapeso JR";"MRCJ";"Productos";"199990";"18";"0";"1"
"26";"https://pesaschile.cl/clon/2/img/p/6/9/4/694.jpg";"Pesos Tobillos muÃ±ecas 1.5kg  (2 unidades)";"PM1.5";"Productos";"4990";"58";"0";"1"
"18";"https://pesaschile.cl/clon/2/img/p/1/1/2/7/1127.jpg";"Guantes de Entrenamiento";"GM";"Fitness";"9990";"234";"0";"1"
